"attribute_type","attribute_value","meta_content","url"
"name","title","HBO Real Time with Bill Maher New Rules Best of 2016","http://www.youtube.com/watch?v=kg0cXjJh2DE"
"name","description","Real Time has earned widespread praise. It has been nominated for more than ten Primetime Emmy Awards and six Writer's Guild awards. In the segment ""New Rule...","http://www.youtube.com/watch?v=kg0cXjJh2DE"
"name","keywords","Bill Maher, New Rules, Real Time, HBO","http://www.youtube.com/watch?v=kg0cXjJh2DE"
"name","theme-color","#e62117","http://www.youtube.com/watch?v=kg0cXjJh2DE"
"property","og:site_name","YouTube","http://www.youtube.com/watch?v=kg0cXjJh2DE"
"property","og:url","https://www.youtube.com/watch?v=kg0cXjJh2DE","http://www.youtube.com/watch?v=kg0cXjJh2DE"
"property","og:title","HBO Real Time with Bill Maher New Rules Best of 2016","http://www.youtube.com/watch?v=kg0cXjJh2DE"
"property","og:image","https://i.ytimg.com/vi/kg0cXjJh2DE/hqdefault.jpg","http://www.youtube.com/watch?v=kg0cXjJh2DE"
"property","og:description","Real Time has earned widespread praise. It has been nominated for more than ten Primetime Emmy Awards and six Writer's Guild awards. In the segment ""New Rule...","http://www.youtube.com/watch?v=kg0cXjJh2DE"
"property","al:ios:app_store_id","544007664","http://www.youtube.com/watch?v=kg0cXjJh2DE"
"property","al:ios:app_name","YouTube","http://www.youtube.com/watch?v=kg0cXjJh2DE"
"property","al:ios:url","vnd.youtube://www.youtube.com/watch?v=kg0cXjJh2DE&feature=applinks","http://www.youtube.com/watch?v=kg0cXjJh2DE"
"property","al:android:url","vnd.youtube://www.youtube.com/watch?v=kg0cXjJh2DE&feature=applinks","http://www.youtube.com/watch?v=kg0cXjJh2DE"
"property","al:android:app_name","YouTube","http://www.youtube.com/watch?v=kg0cXjJh2DE"
"property","al:android:package","com.google.android.youtube","http://www.youtube.com/watch?v=kg0cXjJh2DE"
"property","al:web:url","https://www.youtube.com/watch?v=kg0cXjJh2DE&feature=applinks","http://www.youtube.com/watch?v=kg0cXjJh2DE"
"property","og:type","video","http://www.youtube.com/watch?v=kg0cXjJh2DE"
"property","og:video:url","https://www.youtube.com/embed/kg0cXjJh2DE","http://www.youtube.com/watch?v=kg0cXjJh2DE"
"property","og:video:secure_url","https://www.youtube.com/embed/kg0cXjJh2DE","http://www.youtube.com/watch?v=kg0cXjJh2DE"
"property","og:video:type","text/html","http://www.youtube.com/watch?v=kg0cXjJh2DE"
"property","og:video:width","640","http://www.youtube.com/watch?v=kg0cXjJh2DE"
"property","og:video:height","360","http://www.youtube.com/watch?v=kg0cXjJh2DE"
"property","og:video:url","http://www.youtube.com/v/kg0cXjJh2DE?version=3&autohide=1","http://www.youtube.com/watch?v=kg0cXjJh2DE"
"property","og:video:secure_url","https://www.youtube.com/v/kg0cXjJh2DE?version=3&autohide=1","http://www.youtube.com/watch?v=kg0cXjJh2DE"
"property","og:video:type","application/x-shockwave-flash","http://www.youtube.com/watch?v=kg0cXjJh2DE"
"property","og:video:width","640","http://www.youtube.com/watch?v=kg0cXjJh2DE"
"property","og:video:height","360","http://www.youtube.com/watch?v=kg0cXjJh2DE"
"property","og:video:tag","Bill Maher","http://www.youtube.com/watch?v=kg0cXjJh2DE"
"property","og:video:tag","New Rules","http://www.youtube.com/watch?v=kg0cXjJh2DE"
"property","og:video:tag","Real Time","http://www.youtube.com/watch?v=kg0cXjJh2DE"
"property","og:video:tag","HBO","http://www.youtube.com/watch?v=kg0cXjJh2DE"
"property","fb:app_id","87741124305","http://www.youtube.com/watch?v=kg0cXjJh2DE"
"name","twitter:card","player","http://www.youtube.com/watch?v=kg0cXjJh2DE"
"name","twitter:site","@youtube","http://www.youtube.com/watch?v=kg0cXjJh2DE"
"name","twitter:url","https://www.youtube.com/watch?v=kg0cXjJh2DE","http://www.youtube.com/watch?v=kg0cXjJh2DE"
"name","twitter:title","HBO Real Time with Bill Maher New Rules Best of 2016","http://www.youtube.com/watch?v=kg0cXjJh2DE"
"name","twitter:description","Real Time has earned widespread praise. It has been nominated for more than ten Primetime Emmy Awards and six Writer's Guild awards. In the segment ""New Rule...","http://www.youtube.com/watch?v=kg0cXjJh2DE"
"name","twitter:image","https://i.ytimg.com/vi/kg0cXjJh2DE/hqdefault.jpg","http://www.youtube.com/watch?v=kg0cXjJh2DE"
"name","twitter:app:name:iphone","YouTube","http://www.youtube.com/watch?v=kg0cXjJh2DE"
"name","twitter:app:id:iphone","544007664","http://www.youtube.com/watch?v=kg0cXjJh2DE"
"name","twitter:app:name:ipad","YouTube","http://www.youtube.com/watch?v=kg0cXjJh2DE"
"name","twitter:app:id:ipad","544007664","http://www.youtube.com/watch?v=kg0cXjJh2DE"
"name","twitter:app:url:iphone","vnd.youtube://www.youtube.com/watch?v=kg0cXjJh2DE&feature=applinks","http://www.youtube.com/watch?v=kg0cXjJh2DE"
"name","twitter:app:url:ipad","vnd.youtube://www.youtube.com/watch?v=kg0cXjJh2DE&feature=applinks","http://www.youtube.com/watch?v=kg0cXjJh2DE"
"name","twitter:app:name:googleplay","YouTube","http://www.youtube.com/watch?v=kg0cXjJh2DE"
"name","twitter:app:id:googleplay","com.google.android.youtube","http://www.youtube.com/watch?v=kg0cXjJh2DE"
"name","twitter:app:url:googleplay","https://www.youtube.com/watch?v=kg0cXjJh2DE","http://www.youtube.com/watch?v=kg0cXjJh2DE"
"name","twitter:player","https://www.youtube.com/embed/kg0cXjJh2DE","http://www.youtube.com/watch?v=kg0cXjJh2DE"
"name","twitter:player:width","640","http://www.youtube.com/watch?v=kg0cXjJh2DE"
"name","twitter:player:height","360","http://www.youtube.com/watch?v=kg0cXjJh2DE"
"name","attribution","HBO_anti_piracy/","http://www.youtube.com/watch?v=kg0cXjJh2DE"
"itemprop","name","HBO Real Time with Bill Maher New Rules Best of 2016","http://www.youtube.com/watch?v=kg0cXjJh2DE"
"itemprop","description","Real Time has earned widespread praise. It has been nominated for more than ten Primetime Emmy Awards and six Writer's Guild awards. In the segment ""New Rule...","http://www.youtube.com/watch?v=kg0cXjJh2DE"
"itemprop","paid","False","http://www.youtube.com/watch?v=kg0cXjJh2DE"
"itemprop","channelId","UC0MWk8QSiDI4wgekTq1FWpA","http://www.youtube.com/watch?v=kg0cXjJh2DE"
"itemprop","videoId","kg0cXjJh2DE","http://www.youtube.com/watch?v=kg0cXjJh2DE"
"itemprop","duration","PT91M52S","http://www.youtube.com/watch?v=kg0cXjJh2DE"
"itemprop","unlisted","False","http://www.youtube.com/watch?v=kg0cXjJh2DE"
"itemprop","width","480","http://www.youtube.com/watch?v=kg0cXjJh2DE"
"itemprop","height","360","http://www.youtube.com/watch?v=kg0cXjJh2DE"
"itemprop","playerType","HTML5 Flash","http://www.youtube.com/watch?v=kg0cXjJh2DE"
"itemprop","width","640","http://www.youtube.com/watch?v=kg0cXjJh2DE"
"itemprop","height","360","http://www.youtube.com/watch?v=kg0cXjJh2DE"
"itemprop","isFamilyFriendly","True","http://www.youtube.com/watch?v=kg0cXjJh2DE"
"itemprop","regionsAllowed","AD,AE,AF,AG,AI,AL,AM,AO,AQ,AR,AS,AT,AU,AW,AX,AZ,BA,BB,BD,BE,BF,BG,BH,BI,BJ,BL,BM,BN,BO,BQ,BR,BS,BT,BV,BW,BY,BZ,CA,CC,CD,CF,CG,CH,CI,CK,CL,CM,CN,CO,CR,CU,CV,CW,CX,CY,CZ,DE,DJ,DK,DM,DO,DZ,EC,EE,EG,EH,ER,ES,ET,FI,FJ,FK,FM,FO,FR,GA,GB,GD,GE,GF,GG,GH,GI,GL,GM,GN,GP,GQ,GR,GS,GT,GU,GW,GY,HK,HM,HN,HR,HT,HU,ID,IE,IL,IM,IN,IO,IQ,IR,IS,IT,JE,JM,JO,JP,KE,KG,KH,KI,KM,KN,KP,KR,KW,KY,KZ,LA,LB,LC,LI,LK,LR,LS,LT,LU,LV,LY,MA,MC,MD,ME,MF,MG,MH,MK,ML,MM,MN,MO,MP,MQ,MR,MS,MT,MU,MV,MW,MX,MY,MZ,NA,NC,NE,NF,NG,NI,NL,NO,NP,NR,NU,NZ,OM,PA,PE,PF,PG,PH,PK,PL,PM,PN,PR,PS,PT,PW,PY,QA,RE,RO,RS,RU,RW,SA,SB,SC,SD,SE,SG,SH,SI,SJ,SK,SL,SM,SN,SO,SR,SS,ST,SV,SX,SY,SZ,TC,TD,TF,TG,TH,TJ,TK,TL,TM,TN,TO,TR,TT,TV,TW,TZ,UA,UG,UM,US,UY,UZ,VA,VC,VE,VG,VI,VN,VU,WF,WS,YE,YT,ZA,ZM,ZW","http://www.youtube.com/watch?v=kg0cXjJh2DE"
"itemprop","interactionCount","215274","http://www.youtube.com/watch?v=kg0cXjJh2DE"
"itemprop","datePublished","2017-03-11","http://www.youtube.com/watch?v=kg0cXjJh2DE"
"itemprop","genre","Entertainment","http://www.youtube.com/watch?v=kg0cXjJh2DE"
"name","title","New Rule: Cheer No Evil | Real Time with Bill Maher (HBO)","http://www.youtube.com/watch?v=r1QthkJVqDI"
"name","description","Subscribe to the Real Time YouTube: http://itsh.bo/10r5A1B In his editorial New Rule, Bill Maher roots for the Falcons to beat the Trump-loving Patriots in t...","http://www.youtube.com/watch?v=r1QthkJVqDI"
"name","keywords","Michael Eric Dyson, Sociology, Georgetown University, Tears We Cannot Stop, A Sermon to White American, Leah Remini, A&E, Scientology and the Aftermath, Jaso...","http://www.youtube.com/watch?v=r1QthkJVqDI"
"name","theme-color","#e62117","http://www.youtube.com/watch?v=r1QthkJVqDI"
"property","og:site_name","YouTube","http://www.youtube.com/watch?v=r1QthkJVqDI"
"property","og:url","https://www.youtube.com/watch?v=r1QthkJVqDI","http://www.youtube.com/watch?v=r1QthkJVqDI"
"property","og:title","New Rule: Cheer No Evil | Real Time with Bill Maher (HBO)","http://www.youtube.com/watch?v=r1QthkJVqDI"
"property","og:image","https://i.ytimg.com/vi/r1QthkJVqDI/maxresdefault.jpg","http://www.youtube.com/watch?v=r1QthkJVqDI"
"property","og:description","Subscribe to the Real Time YouTube: http://itsh.bo/10r5A1B In his editorial New Rule, Bill Maher roots for the Falcons to beat the Trump-loving Patriots in t...","http://www.youtube.com/watch?v=r1QthkJVqDI"
"property","al:ios:app_store_id","544007664","http://www.youtube.com/watch?v=r1QthkJVqDI"
"property","al:ios:app_name","YouTube","http://www.youtube.com/watch?v=r1QthkJVqDI"
"property","al:ios:url","vnd.youtube://www.youtube.com/watch?v=r1QthkJVqDI&feature=applinks","http://www.youtube.com/watch?v=r1QthkJVqDI"
"property","al:android:url","vnd.youtube://www.youtube.com/watch?v=r1QthkJVqDI&feature=applinks","http://www.youtube.com/watch?v=r1QthkJVqDI"
"property","al:android:app_name","YouTube","http://www.youtube.com/watch?v=r1QthkJVqDI"
"property","al:android:package","com.google.android.youtube","http://www.youtube.com/watch?v=r1QthkJVqDI"
"property","al:web:url","https://www.youtube.com/watch?v=r1QthkJVqDI&feature=applinks","http://www.youtube.com/watch?v=r1QthkJVqDI"
"property","og:type","video","http://www.youtube.com/watch?v=r1QthkJVqDI"
"property","og:video:url","https://www.youtube.com/embed/r1QthkJVqDI","http://www.youtube.com/watch?v=r1QthkJVqDI"
"property","og:video:secure_url","https://www.youtube.com/embed/r1QthkJVqDI","http://www.youtube.com/watch?v=r1QthkJVqDI"
"property","og:video:type","text/html","http://www.youtube.com/watch?v=r1QthkJVqDI"
"property","og:video:width","1280","http://www.youtube.com/watch?v=r1QthkJVqDI"
"property","og:video:height","720","http://www.youtube.com/watch?v=r1QthkJVqDI"
"property","og:video:url","http://www.youtube.com/v/r1QthkJVqDI?version=3&autohide=1","http://www.youtube.com/watch?v=r1QthkJVqDI"
"property","og:video:secure_url","https://www.youtube.com/v/r1QthkJVqDI?version=3&autohide=1","http://www.youtube.com/watch?v=r1QthkJVqDI"
"property","og:video:type","application/x-shockwave-flash","http://www.youtube.com/watch?v=r1QthkJVqDI"
"property","og:video:width","1280","http://www.youtube.com/watch?v=r1QthkJVqDI"
"property","og:video:height","720","http://www.youtube.com/watch?v=r1QthkJVqDI"
"property","og:video:tag","Michael Eric Dyson","http://www.youtube.com/watch?v=r1QthkJVqDI"
"property","og:video:tag","Sociology","http://www.youtube.com/watch?v=r1QthkJVqDI"
"property","og:video:tag","Georgetown University","http://www.youtube.com/watch?v=r1QthkJVqDI"
"property","og:video:tag","Tears We Cannot Stop","http://www.youtube.com/watch?v=r1QthkJVqDI"
"property","og:video:tag","A Sermon to White American","http://www.youtube.com/watch?v=r1QthkJVqDI"
"property","og:video:tag","Leah Remini","http://www.youtube.com/watch?v=r1QthkJVqDI"
"property","og:video:tag","A&E","http://www.youtube.com/watch?v=r1QthkJVqDI"
"property","og:video:tag","Scientology and the Aftermath","http://www.youtube.com/watch?v=r1QthkJVqDI"
"property","og:video:tag","Jason Kander","http://www.youtube.com/watch?v=r1QthkJVqDI"
"property","og:video:tag","Army Intelligence Officer","http://www.youtube.com/watch?v=r1QthkJVqDI"
"property","og:video:tag","Democrat","http://www.youtube.com/watch?v=r1QthkJVqDI"
"property","og:video:tag","Missouri Senate","http://www.youtube.com/watch?v=r1QthkJVqDI"
"property","og:video:tag","Tomi Lahren","http://www.youtube.com/watch?v=r1QthkJVqDI"
"property","og:video:tag","The Blaze","http://www.youtube.com/watch?v=r1QthkJVqDI"
"property","og:video:tag","Tomi","http://www.youtube.com/watch?v=r1QthkJVqDI"
"property","og:video:tag","Rick Wilson","http://www.youtube.com/watch?v=r1QthkJVqDI"
"property","og:video:tag","Republican","http://www.youtube.com/watch?v=r1QthkJVqDI"
"property","og:video:tag","strategist","http://www.youtube.com/watch?v=r1QthkJVqDI"
"property","fb:app_id","87741124305","http://www.youtube.com/watch?v=r1QthkJVqDI"
"name","twitter:card","player","http://www.youtube.com/watch?v=r1QthkJVqDI"
"name","twitter:site","@youtube","http://www.youtube.com/watch?v=r1QthkJVqDI"
"name","twitter:url","https://www.youtube.com/watch?v=r1QthkJVqDI","http://www.youtube.com/watch?v=r1QthkJVqDI"
"name","twitter:title","New Rule: Cheer No Evil | Real Time with Bill Maher (HBO)","http://www.youtube.com/watch?v=r1QthkJVqDI"
"name","twitter:description","Subscribe to the Real Time YouTube: http://itsh.bo/10r5A1B In his editorial New Rule, Bill Maher roots for the Falcons to beat the Trump-loving Patriots in t...","http://www.youtube.com/watch?v=r1QthkJVqDI"
"name","twitter:image","https://i.ytimg.com/vi/r1QthkJVqDI/maxresdefault.jpg","http://www.youtube.com/watch?v=r1QthkJVqDI"
"name","twitter:app:name:iphone","YouTube","http://www.youtube.com/watch?v=r1QthkJVqDI"
"name","twitter:app:id:iphone","544007664","http://www.youtube.com/watch?v=r1QthkJVqDI"
"name","twitter:app:name:ipad","YouTube","http://www.youtube.com/watch?v=r1QthkJVqDI"
"name","twitter:app:id:ipad","544007664","http://www.youtube.com/watch?v=r1QthkJVqDI"
"name","twitter:app:url:iphone","vnd.youtube://www.youtube.com/watch?v=r1QthkJVqDI&feature=applinks","http://www.youtube.com/watch?v=r1QthkJVqDI"
"name","twitter:app:url:ipad","vnd.youtube://www.youtube.com/watch?v=r1QthkJVqDI&feature=applinks","http://www.youtube.com/watch?v=r1QthkJVqDI"
"name","twitter:app:name:googleplay","YouTube","http://www.youtube.com/watch?v=r1QthkJVqDI"
"name","twitter:app:id:googleplay","com.google.android.youtube","http://www.youtube.com/watch?v=r1QthkJVqDI"
"name","twitter:app:url:googleplay","https://www.youtube.com/watch?v=r1QthkJVqDI","http://www.youtube.com/watch?v=r1QthkJVqDI"
"name","twitter:player","https://www.youtube.com/embed/r1QthkJVqDI","http://www.youtube.com/watch?v=r1QthkJVqDI"
"name","twitter:player:width","1280","http://www.youtube.com/watch?v=r1QthkJVqDI"
"name","twitter:player:height","720","http://www.youtube.com/watch?v=r1QthkJVqDI"
"name","attribution","HBO/","http://www.youtube.com/watch?v=r1QthkJVqDI"
"itemprop","name","New Rule: Cheer No Evil | Real Time with Bill Maher (HBO)","http://www.youtube.com/watch?v=r1QthkJVqDI"
"itemprop","description","Subscribe to the Real Time YouTube: http://itsh.bo/10r5A1B In his editorial New Rule, Bill Maher roots for the Falcons to beat the Trump-loving Patriots in t...","http://www.youtube.com/watch?v=r1QthkJVqDI"
"itemprop","paid","False","http://www.youtube.com/watch?v=r1QthkJVqDI"
"itemprop","channelId","UCy6kyFxaMqGtpE3pQTflK8A","http://www.youtube.com/watch?v=r1QthkJVqDI"
"itemprop","videoId","r1QthkJVqDI","http://www.youtube.com/watch?v=r1QthkJVqDI"
"itemprop","duration","PT5M11S","http://www.youtube.com/watch?v=r1QthkJVqDI"
"itemprop","unlisted","False","http://www.youtube.com/watch?v=r1QthkJVqDI"
"itemprop","width","1280","http://www.youtube.com/watch?v=r1QthkJVqDI"
"itemprop","height","720","http://www.youtube.com/watch?v=r1QthkJVqDI"
"itemprop","playerType","HTML5 Flash","http://www.youtube.com/watch?v=r1QthkJVqDI"
"itemprop","width","1280","http://www.youtube.com/watch?v=r1QthkJVqDI"
"itemprop","height","720","http://www.youtube.com/watch?v=r1QthkJVqDI"
"itemprop","isFamilyFriendly","True","http://www.youtube.com/watch?v=r1QthkJVqDI"
"itemprop","regionsAllowed","AD,AE,AF,AG,AI,AL,AM,AO,AQ,AR,AS,AT,AU,AW,AX,AZ,BA,BB,BD,BE,BF,BG,BH,BI,BJ,BL,BM,BN,BO,BQ,BR,BS,BT,BV,BW,BY,BZ,CA,CC,CD,CF,CG,CH,CI,CK,CL,CM,CN,CO,CR,CU,CV,CW,CX,CY,CZ,DE,DJ,DK,DM,DO,DZ,EC,EE,EG,EH,ER,ES,ET,FI,FJ,FK,FM,FO,FR,GA,GB,GD,GE,GF,GG,GH,GI,GL,GM,GN,GP,GQ,GR,GS,GT,GU,GW,GY,HK,HM,HN,HR,HT,HU,ID,IE,IL,IM,IN,IO,IQ,IR,IS,IT,JE,JM,JO,JP,KE,KG,KH,KI,KM,KN,KP,KR,KW,KY,KZ,LA,LB,LC,LI,LK,LR,LS,LT,LU,LV,LY,MA,MC,MD,ME,MF,MG,MH,MK,ML,MM,MN,MO,MP,MQ,MR,MS,MT,MU,MV,MW,MX,MY,MZ,NA,NC,NE,NF,NG,NI,NL,NO,NP,NR,NU,NZ,OM,PA,PE,PF,PG,PH,PK,PL,PM,PN,PR,PS,PT,PW,PY,QA,RE,RO,RS,RU,RW,SA,SB,SC,SD,SE,SG,SH,SI,SJ,SK,SL,SM,SN,SO,SR,SS,ST,SV,SX,SY,SZ,TC,TD,TF,TG,TH,TJ,TK,TL,TM,TN,TO,TR,TT,TV,TW,TZ,UA,UG,UM,US,UY,UZ,VA,VC,VE,VG,VI,VN,VU,WF,WS,YE,YT,ZA,ZM,ZW","http://www.youtube.com/watch?v=r1QthkJVqDI"
"itemprop","interactionCount","1063799","http://www.youtube.com/watch?v=r1QthkJVqDI"
"itemprop","datePublished","2017-02-03","http://www.youtube.com/watch?v=r1QthkJVqDI"
"itemprop","genre","Film & Animation","http://www.youtube.com/watch?v=r1QthkJVqDI"
"name","title","New Rule: The Magic R | Real Time with Bill Maher (HBO)","http://www.youtube.com/watch?v=JFWv42U1l4A"
"name","description","Subscribe to the Real Time YouTube: http://itsh.bo/10r5A1B In his editorial New Rule, Bill Maher wonders why Republicans have ""Patriotic Immunity"" and disput...","http://www.youtube.com/watch?v=JFWv42U1l4A"
"name","keywords","Milo Yiannopoulos, Breitbart News, Dangerous, Leah Remini, A&E, Scientology and the Aftermath, Jack Kingston, Republican, Georgia, Malcolm Nance, Larry Wilmo...","http://www.youtube.com/watch?v=JFWv42U1l4A"
"name","theme-color","#e62117","http://www.youtube.com/watch?v=JFWv42U1l4A"
"property","og:site_name","YouTube","http://www.youtube.com/watch?v=JFWv42U1l4A"
"property","og:url","https://www.youtube.com/watch?v=JFWv42U1l4A","http://www.youtube.com/watch?v=JFWv42U1l4A"
"property","og:title","New Rule: The Magic R | Real Time with Bill Maher (HBO)","http://www.youtube.com/watch?v=JFWv42U1l4A"
"property","og:image","https://i.ytimg.com/vi/JFWv42U1l4A/maxresdefault.jpg","http://www.youtube.com/watch?v=JFWv42U1l4A"
"property","og:description","Subscribe to the Real Time YouTube: http://itsh.bo/10r5A1B In his editorial New Rule, Bill Maher wonders why Republicans have ""Patriotic Immunity"" and disput...","http://www.youtube.com/watch?v=JFWv42U1l4A"
"property","al:ios:app_store_id","544007664","http://www.youtube.com/watch?v=JFWv42U1l4A"
"property","al:ios:app_name","YouTube","http://www.youtube.com/watch?v=JFWv42U1l4A"
"property","al:ios:url","vnd.youtube://www.youtube.com/watch?v=JFWv42U1l4A&feature=applinks","http://www.youtube.com/watch?v=JFWv42U1l4A"
"property","al:android:url","vnd.youtube://www.youtube.com/watch?v=JFWv42U1l4A&feature=applinks","http://www.youtube.com/watch?v=JFWv42U1l4A"
"property","al:android:app_name","YouTube","http://www.youtube.com/watch?v=JFWv42U1l4A"
"property","al:android:package","com.google.android.youtube","http://www.youtube.com/watch?v=JFWv42U1l4A"
"property","al:web:url","https://www.youtube.com/watch?v=JFWv42U1l4A&feature=applinks","http://www.youtube.com/watch?v=JFWv42U1l4A"
"property","og:type","video","http://www.youtube.com/watch?v=JFWv42U1l4A"
"property","og:video:url","https://www.youtube.com/embed/JFWv42U1l4A","http://www.youtube.com/watch?v=JFWv42U1l4A"
"property","og:video:secure_url","https://www.youtube.com/embed/JFWv42U1l4A","http://www.youtube.com/watch?v=JFWv42U1l4A"
"property","og:video:type","text/html","http://www.youtube.com/watch?v=JFWv42U1l4A"
"property","og:video:width","1280","http://www.youtube.com/watch?v=JFWv42U1l4A"
"property","og:video:height","720","http://www.youtube.com/watch?v=JFWv42U1l4A"
"property","og:video:url","http://www.youtube.com/v/JFWv42U1l4A?version=3&autohide=1","http://www.youtube.com/watch?v=JFWv42U1l4A"
"property","og:video:secure_url","https://www.youtube.com/v/JFWv42U1l4A?version=3&autohide=1","http://www.youtube.com/watch?v=JFWv42U1l4A"
"property","og:video:type","application/x-shockwave-flash","http://www.youtube.com/watch?v=JFWv42U1l4A"
"property","og:video:width","1280","http://www.youtube.com/watch?v=JFWv42U1l4A"
"property","og:video:height","720","http://www.youtube.com/watch?v=JFWv42U1l4A"
"property","og:video:tag","Milo Yiannopoulos","http://www.youtube.com/watch?v=JFWv42U1l4A"
"property","og:video:tag","Breitbart News","http://www.youtube.com/watch?v=JFWv42U1l4A"
"property","og:video:tag","Dangerous","http://www.youtube.com/watch?v=JFWv42U1l4A"
"property","og:video:tag","Leah Remini","http://www.youtube.com/watch?v=JFWv42U1l4A"
"property","og:video:tag","A&E","http://www.youtube.com/watch?v=JFWv42U1l4A"
"property","og:video:tag","Scientology and the Aftermath","http://www.youtube.com/watch?v=JFWv42U1l4A"
"property","og:video:tag","Jack Kingston","http://www.youtube.com/watch?v=JFWv42U1l4A"
"property","og:video:tag","Republican","http://www.youtube.com/watch?v=JFWv42U1l4A"
"property","og:video:tag","Georgia","http://www.youtube.com/watch?v=JFWv42U1l4A"
"property","og:video:tag","Malcolm Nance","http://www.youtube.com/watch?v=JFWv42U1l4A"
"property","og:video:tag","Larry Wilmore (Comedian)","http://www.youtube.com/watch?v=JFWv42U1l4A"
"property","fb:app_id","87741124305","http://www.youtube.com/watch?v=JFWv42U1l4A"
"name","twitter:card","player","http://www.youtube.com/watch?v=JFWv42U1l4A"
"name","twitter:site","@youtube","http://www.youtube.com/watch?v=JFWv42U1l4A"
"name","twitter:url","https://www.youtube.com/watch?v=JFWv42U1l4A","http://www.youtube.com/watch?v=JFWv42U1l4A"
"name","twitter:title","New Rule: The Magic R | Real Time with Bill Maher (HBO)","http://www.youtube.com/watch?v=JFWv42U1l4A"
"name","twitter:description","Subscribe to the Real Time YouTube: http://itsh.bo/10r5A1B In his editorial New Rule, Bill Maher wonders why Republicans have ""Patriotic Immunity"" and disput...","http://www.youtube.com/watch?v=JFWv42U1l4A"
"name","twitter:image","https://i.ytimg.com/vi/JFWv42U1l4A/maxresdefault.jpg","http://www.youtube.com/watch?v=JFWv42U1l4A"
"name","twitter:app:name:iphone","YouTube","http://www.youtube.com/watch?v=JFWv42U1l4A"
"name","twitter:app:id:iphone","544007664","http://www.youtube.com/watch?v=JFWv42U1l4A"
"name","twitter:app:name:ipad","YouTube","http://www.youtube.com/watch?v=JFWv42U1l4A"
"name","twitter:app:id:ipad","544007664","http://www.youtube.com/watch?v=JFWv42U1l4A"
"name","twitter:app:url:iphone","vnd.youtube://www.youtube.com/watch?v=JFWv42U1l4A&feature=applinks","http://www.youtube.com/watch?v=JFWv42U1l4A"
"name","twitter:app:url:ipad","vnd.youtube://www.youtube.com/watch?v=JFWv42U1l4A&feature=applinks","http://www.youtube.com/watch?v=JFWv42U1l4A"
"name","twitter:app:name:googleplay","YouTube","http://www.youtube.com/watch?v=JFWv42U1l4A"
"name","twitter:app:id:googleplay","com.google.android.youtube","http://www.youtube.com/watch?v=JFWv42U1l4A"
"name","twitter:app:url:googleplay","https://www.youtube.com/watch?v=JFWv42U1l4A","http://www.youtube.com/watch?v=JFWv42U1l4A"
"name","twitter:player","https://www.youtube.com/embed/JFWv42U1l4A","http://www.youtube.com/watch?v=JFWv42U1l4A"
"name","twitter:player:width","1280","http://www.youtube.com/watch?v=JFWv42U1l4A"
"name","twitter:player:height","720","http://www.youtube.com/watch?v=JFWv42U1l4A"
"name","attribution","HBO/","http://www.youtube.com/watch?v=JFWv42U1l4A"
"itemprop","name","New Rule: The Magic R | Real Time with Bill Maher (HBO)","http://www.youtube.com/watch?v=JFWv42U1l4A"
"itemprop","description","Subscribe to the Real Time YouTube: http://itsh.bo/10r5A1B In his editorial New Rule, Bill Maher wonders why Republicans have ""Patriotic Immunity"" and disput...","http://www.youtube.com/watch?v=JFWv42U1l4A"
"itemprop","paid","False","http://www.youtube.com/watch?v=JFWv42U1l4A"
"itemprop","channelId","UCy6kyFxaMqGtpE3pQTflK8A","http://www.youtube.com/watch?v=JFWv42U1l4A"
"itemprop","videoId","JFWv42U1l4A","http://www.youtube.com/watch?v=JFWv42U1l4A"
"itemprop","duration","PT7M32S","http://www.youtube.com/watch?v=JFWv42U1l4A"
"itemprop","unlisted","False","http://www.youtube.com/watch?v=JFWv42U1l4A"
"itemprop","width","1280","http://www.youtube.com/watch?v=JFWv42U1l4A"
"itemprop","height","720","http://www.youtube.com/watch?v=JFWv42U1l4A"
"itemprop","playerType","HTML5 Flash","http://www.youtube.com/watch?v=JFWv42U1l4A"
"itemprop","width","1280","http://www.youtube.com/watch?v=JFWv42U1l4A"
"itemprop","height","720","http://www.youtube.com/watch?v=JFWv42U1l4A"
"itemprop","isFamilyFriendly","True","http://www.youtube.com/watch?v=JFWv42U1l4A"
"itemprop","regionsAllowed","AD,AE,AF,AG,AI,AL,AM,AO,AQ,AR,AS,AT,AU,AW,AX,AZ,BA,BB,BD,BE,BF,BG,BH,BI,BJ,BL,BM,BN,BO,BQ,BR,BS,BT,BV,BW,BY,BZ,CA,CC,CD,CF,CG,CH,CI,CK,CL,CM,CN,CO,CR,CU,CV,CW,CX,CY,CZ,DE,DJ,DK,DM,DO,DZ,EC,EE,EG,EH,ER,ES,ET,FI,FJ,FK,FM,FO,FR,GA,GB,GD,GE,GF,GG,GH,GI,GL,GM,GN,GP,GQ,GR,GS,GT,GU,GW,GY,HK,HM,HN,HR,HT,HU,ID,IE,IL,IM,IN,IO,IQ,IR,IS,IT,JE,JM,JO,JP,KE,KG,KH,KI,KM,KN,KP,KR,KW,KY,KZ,LA,LB,LC,LI,LK,LR,LS,LT,LU,LV,LY,MA,MC,MD,ME,MF,MG,MH,MK,ML,MM,MN,MO,MP,MQ,MR,MS,MT,MU,MV,MW,MX,MY,MZ,NA,NC,NE,NF,NG,NI,NL,NO,NP,NR,NU,NZ,OM,PA,PE,PF,PG,PH,PK,PL,PM,PN,PR,PS,PT,PW,PY,QA,RE,RO,RS,RU,RW,SA,SB,SC,SD,SE,SG,SH,SI,SJ,SK,SL,SM,SN,SO,SR,SS,ST,SV,SX,SY,SZ,TC,TD,TF,TG,TH,TJ,TK,TL,TM,TN,TO,TR,TT,TV,TW,TZ,UA,UG,UM,US,UY,UZ,VA,VC,VE,VG,VI,VN,VU,WF,WS,YE,YT,ZA,ZM,ZW","http://www.youtube.com/watch?v=JFWv42U1l4A"
"itemprop","interactionCount","1413619","http://www.youtube.com/watch?v=JFWv42U1l4A"
"itemprop","datePublished","2017-02-17","http://www.youtube.com/watch?v=JFWv42U1l4A"
"itemprop","genre","Film & Animation","http://www.youtube.com/watch?v=JFWv42U1l4A"
"name","title","New Rule: Liberal Bad Boys| Real Time with Bill Maher (HBO)","http://www.youtube.com/watch?v=H6z9ngWGmnc"
"name","description","Subscribe to the Real Time YouTube: http://itsh.bo/10r5A1B In his editorial New Rule, Bill urges Democrats to bring back the ""alpha pervs,"" the crass, bold p...","http://www.youtube.com/watch?v=H6z9ngWGmnc"
"name","keywords","Rosa Brooks, Georgetown University Law Center, How Everything Became War and the Military Became Everything, Bill McKibben, Jeffrey Lord, CNN, White House, P...","http://www.youtube.com/watch?v=H6z9ngWGmnc"
"name","theme-color","#e62117","http://www.youtube.com/watch?v=H6z9ngWGmnc"
"property","og:site_name","YouTube","http://www.youtube.com/watch?v=H6z9ngWGmnc"
"property","og:url","https://www.youtube.com/watch?v=H6z9ngWGmnc","http://www.youtube.com/watch?v=H6z9ngWGmnc"
"property","og:title","New Rule: Liberal Bad Boys| Real Time with Bill Maher (HBO)","http://www.youtube.com/watch?v=H6z9ngWGmnc"
"property","og:image","https://i.ytimg.com/vi/H6z9ngWGmnc/maxresdefault.jpg","http://www.youtube.com/watch?v=H6z9ngWGmnc"
"property","og:description","Subscribe to the Real Time YouTube: http://itsh.bo/10r5A1B In his editorial New Rule, Bill urges Democrats to bring back the ""alpha pervs,"" the crass, bold p...","http://www.youtube.com/watch?v=H6z9ngWGmnc"
"property","al:ios:app_store_id","544007664","http://www.youtube.com/watch?v=H6z9ngWGmnc"
"property","al:ios:app_name","YouTube","http://www.youtube.com/watch?v=H6z9ngWGmnc"
"property","al:ios:url","vnd.youtube://www.youtube.com/watch?v=H6z9ngWGmnc&feature=applinks","http://www.youtube.com/watch?v=H6z9ngWGmnc"
"property","al:android:url","vnd.youtube://www.youtube.com/watch?v=H6z9ngWGmnc&feature=applinks","http://www.youtube.com/watch?v=H6z9ngWGmnc"
"property","al:android:app_name","YouTube","http://www.youtube.com/watch?v=H6z9ngWGmnc"
"property","al:android:package","com.google.android.youtube","http://www.youtube.com/watch?v=H6z9ngWGmnc"
"property","al:web:url","https://www.youtube.com/watch?v=H6z9ngWGmnc&feature=applinks","http://www.youtube.com/watch?v=H6z9ngWGmnc"
"property","og:type","video","http://www.youtube.com/watch?v=H6z9ngWGmnc"
"property","og:video:url","https://www.youtube.com/embed/H6z9ngWGmnc","http://www.youtube.com/watch?v=H6z9ngWGmnc"
"property","og:video:secure_url","https://www.youtube.com/embed/H6z9ngWGmnc","http://www.youtube.com/watch?v=H6z9ngWGmnc"
"property","og:video:type","text/html","http://www.youtube.com/watch?v=H6z9ngWGmnc"
"property","og:video:width","1280","http://www.youtube.com/watch?v=H6z9ngWGmnc"
"property","og:video:height","720","http://www.youtube.com/watch?v=H6z9ngWGmnc"
"property","og:video:url","http://www.youtube.com/v/H6z9ngWGmnc?version=3&autohide=1","http://www.youtube.com/watch?v=H6z9ngWGmnc"
"property","og:video:secure_url","https://www.youtube.com/v/H6z9ngWGmnc?version=3&autohide=1","http://www.youtube.com/watch?v=H6z9ngWGmnc"
"property","og:video:type","application/x-shockwave-flash","http://www.youtube.com/watch?v=H6z9ngWGmnc"
"property","og:video:width","1280","http://www.youtube.com/watch?v=H6z9ngWGmnc"
"property","og:video:height","720","http://www.youtube.com/watch?v=H6z9ngWGmnc"
"property","og:video:tag","Rosa Brooks","http://www.youtube.com/watch?v=H6z9ngWGmnc"
"property","og:video:tag","Georgetown University Law Center","http://www.youtube.com/watch?v=H6z9ngWGmnc"
"property","og:video:tag","How Everything Became War and the Military Became Everything","http://www.youtube.com/watch?v=H6z9ngWGmnc"
"property","og:video:tag","Bill McKibben","http://www.youtube.com/watch?v=H6z9ngWGmnc"
"property","og:video:tag","Jeffrey Lord","http://www.youtube.com/watch?v=H6z9ngWGmnc"
"property","og:video:tag","CNN","http://www.youtube.com/watch?v=H6z9ngWGmnc"
"property","og:video:tag","White House","http://www.youtube.com/watch?v=H6z9ngWGmnc"
"property","og:video:tag","Political Director","http://www.youtube.com/watch?v=H6z9ngWGmnc"
"property","og:video:tag","President Ronald Reagan","http://www.youtube.com/watch?v=H6z9ngWGmnc"
"property","og:video:tag","Joy Reid","http://www.youtube.com/watch?v=H6z9ngWGmnc"
"property","og:video:tag","MSNBC","http://www.youtube.com/watch?v=H6z9ngWGmnc"
"property","og:video:tag","AM Joy","http://www.youtube.com/watch?v=H6z9ngWGmnc"
"property","og:video:tag","We Are the Change We Seek","http://www.youtube.com/watch?v=H6z9ngWGmnc"
"property","og:video:tag","The Speeches of Barack Obama","http://www.youtube.com/watch?v=H6z9ngWGmnc"
"property","og:video:tag","Charlie Sykes","http://www.youtube.com/watch?v=H6z9ngWGmnc"
"property","og:video:tag","WNYC Radio","http://www.youtube.com/watch?v=H6z9ngWGmnc"
"property","og:video:tag","Indivisible","http://www.youtube.com/watch?v=H6z9ngWGmnc"
"property","og:video:tag","RightWisconsin.com","http://www.youtube.com/watch?v=H6z9ngWGmnc"
"property","fb:app_id","87741124305","http://www.youtube.com/watch?v=H6z9ngWGmnc"
"name","twitter:card","player","http://www.youtube.com/watch?v=H6z9ngWGmnc"
"name","twitter:site","@youtube","http://www.youtube.com/watch?v=H6z9ngWGmnc"
"name","twitter:url","https://www.youtube.com/watch?v=H6z9ngWGmnc","http://www.youtube.com/watch?v=H6z9ngWGmnc"
"name","twitter:title","New Rule: Liberal Bad Boys| Real Time with Bill Maher (HBO)","http://www.youtube.com/watch?v=H6z9ngWGmnc"
"name","twitter:description","Subscribe to the Real Time YouTube: http://itsh.bo/10r5A1B In his editorial New Rule, Bill urges Democrats to bring back the ""alpha pervs,"" the crass, bold p...","http://www.youtube.com/watch?v=H6z9ngWGmnc"
"name","twitter:image","https://i.ytimg.com/vi/H6z9ngWGmnc/maxresdefault.jpg","http://www.youtube.com/watch?v=H6z9ngWGmnc"
"name","twitter:app:name:iphone","YouTube","http://www.youtube.com/watch?v=H6z9ngWGmnc"
"name","twitter:app:id:iphone","544007664","http://www.youtube.com/watch?v=H6z9ngWGmnc"
"name","twitter:app:name:ipad","YouTube","http://www.youtube.com/watch?v=H6z9ngWGmnc"
"name","twitter:app:id:ipad","544007664","http://www.youtube.com/watch?v=H6z9ngWGmnc"
"name","twitter:app:url:iphone","vnd.youtube://www.youtube.com/watch?v=H6z9ngWGmnc&feature=applinks","http://www.youtube.com/watch?v=H6z9ngWGmnc"
"name","twitter:app:url:ipad","vnd.youtube://www.youtube.com/watch?v=H6z9ngWGmnc&feature=applinks","http://www.youtube.com/watch?v=H6z9ngWGmnc"
"name","twitter:app:name:googleplay","YouTube","http://www.youtube.com/watch?v=H6z9ngWGmnc"
"name","twitter:app:id:googleplay","com.google.android.youtube","http://www.youtube.com/watch?v=H6z9ngWGmnc"
"name","twitter:app:url:googleplay","https://www.youtube.com/watch?v=H6z9ngWGmnc","http://www.youtube.com/watch?v=H6z9ngWGmnc"
"name","twitter:player","https://www.youtube.com/embed/H6z9ngWGmnc","http://www.youtube.com/watch?v=H6z9ngWGmnc"
"name","twitter:player:width","1280","http://www.youtube.com/watch?v=H6z9ngWGmnc"
"name","twitter:player:height","720","http://www.youtube.com/watch?v=H6z9ngWGmnc"
"name","attribution","HBO/","http://www.youtube.com/watch?v=H6z9ngWGmnc"
"itemprop","name","New Rule: Liberal Bad Boys| Real Time with Bill Maher (HBO)","http://www.youtube.com/watch?v=H6z9ngWGmnc"
"itemprop","description","Subscribe to the Real Time YouTube: http://itsh.bo/10r5A1B In his editorial New Rule, Bill urges Democrats to bring back the ""alpha pervs,"" the crass, bold p...","http://www.youtube.com/watch?v=H6z9ngWGmnc"
"itemprop","paid","False","http://www.youtube.com/watch?v=H6z9ngWGmnc"
"itemprop","channelId","UCy6kyFxaMqGtpE3pQTflK8A","http://www.youtube.com/watch?v=H6z9ngWGmnc"
"itemprop","videoId","H6z9ngWGmnc","http://www.youtube.com/watch?v=H6z9ngWGmnc"
"itemprop","duration","PT7M9S","http://www.youtube.com/watch?v=H6z9ngWGmnc"
"itemprop","unlisted","False","http://www.youtube.com/watch?v=H6z9ngWGmnc"
"itemprop","width","1280","http://www.youtube.com/watch?v=H6z9ngWGmnc"
"itemprop","height","720","http://www.youtube.com/watch?v=H6z9ngWGmnc"
"itemprop","playerType","HTML5 Flash","http://www.youtube.com/watch?v=H6z9ngWGmnc"
"itemprop","width","1280","http://www.youtube.com/watch?v=H6z9ngWGmnc"
"itemprop","height","720","http://www.youtube.com/watch?v=H6z9ngWGmnc"
"itemprop","isFamilyFriendly","True","http://www.youtube.com/watch?v=H6z9ngWGmnc"
"itemprop","regionsAllowed","AD,AE,AF,AG,AI,AL,AM,AO,AQ,AR,AS,AT,AU,AW,AX,AZ,BA,BB,BD,BE,BF,BG,BH,BI,BJ,BL,BM,BN,BO,BQ,BR,BS,BT,BV,BW,BY,BZ,CA,CC,CD,CF,CG,CH,CI,CK,CL,CM,CN,CO,CR,CU,CV,CW,CX,CY,CZ,DE,DJ,DK,DM,DO,DZ,EC,EE,EG,EH,ER,ES,ET,FI,FJ,FK,FM,FO,FR,GA,GB,GD,GE,GF,GG,GH,GI,GL,GM,GN,GP,GQ,GR,GS,GT,GU,GW,GY,HK,HM,HN,HR,HT,HU,ID,IE,IL,IM,IN,IO,IQ,IR,IS,IT,JE,JM,JO,JP,KE,KG,KH,KI,KM,KN,KP,KR,KW,KY,KZ,LA,LB,LC,LI,LK,LR,LS,LT,LU,LV,LY,MA,MC,MD,ME,MF,MG,MH,MK,ML,MM,MN,MO,MP,MQ,MR,MS,MT,MU,MV,MW,MX,MY,MZ,NA,NC,NE,NF,NG,NI,NL,NO,NP,NR,NU,NZ,OM,PA,PE,PF,PG,PH,PK,PL,PM,PN,PR,PS,PT,PW,PY,QA,RE,RO,RS,RU,RW,SA,SB,SC,SD,SE,SG,SH,SI,SJ,SK,SL,SM,SN,SO,SR,SS,ST,SV,SX,SY,SZ,TC,TD,TF,TG,TH,TJ,TK,TL,TM,TN,TO,TR,TT,TV,TW,TZ,UA,UG,UM,US,UY,UZ,VA,VC,VE,VG,VI,VN,VU,WF,WS,YE,YT,ZA,ZM,ZW","http://www.youtube.com/watch?v=H6z9ngWGmnc"
"itemprop","interactionCount","620358","http://www.youtube.com/watch?v=H6z9ngWGmnc"
"itemprop","datePublished","2017-03-03","http://www.youtube.com/watch?v=H6z9ngWGmnc"
"itemprop","genre","Film & Animation","http://www.youtube.com/watch?v=H6z9ngWGmnc"
"name","title","New Rule: Trump and the Long Con | Real Time with Bill Maher (HBO)","http://www.youtube.com/watch?v=35T9jC_MASQ"
"name","description","Subscribe to the Real Time YouTube: http://itsh.bo/10r5A1B In his editorial New Rule, Bill Maher explores the similarities between President Trump and a snak...","http://www.youtube.com/watch?v=35T9jC_MASQ"
"name","keywords","Matt Schlapp, American Conservative Union, Timothy Snyder, History, Yale University, On Tyranny, Twenty Lessons from the Twentieth Century, Chris Hayes, MSNB...","http://www.youtube.com/watch?v=35T9jC_MASQ"
"name","theme-color","#e62117","http://www.youtube.com/watch?v=35T9jC_MASQ"
"property","og:site_name","YouTube","http://www.youtube.com/watch?v=35T9jC_MASQ"
"property","og:url","https://www.youtube.com/watch?v=35T9jC_MASQ","http://www.youtube.com/watch?v=35T9jC_MASQ"
"property","og:title","New Rule: Trump and the Long Con | Real Time with Bill Maher (HBO)","http://www.youtube.com/watch?v=35T9jC_MASQ"
"property","og:image","https://i.ytimg.com/vi/35T9jC_MASQ/maxresdefault.jpg","http://www.youtube.com/watch?v=35T9jC_MASQ"
"property","og:description","Subscribe to the Real Time YouTube: http://itsh.bo/10r5A1B In his editorial New Rule, Bill Maher explores the similarities between President Trump and a snak...","http://www.youtube.com/watch?v=35T9jC_MASQ"
"property","al:ios:app_store_id","544007664","http://www.youtube.com/watch?v=35T9jC_MASQ"
"property","al:ios:app_name","YouTube","http://www.youtube.com/watch?v=35T9jC_MASQ"
"property","al:ios:url","vnd.youtube://www.youtube.com/watch?v=35T9jC_MASQ&feature=applinks","http://www.youtube.com/watch?v=35T9jC_MASQ"
"property","al:android:url","vnd.youtube://www.youtube.com/watch?v=35T9jC_MASQ&feature=applinks","http://www.youtube.com/watch?v=35T9jC_MASQ"
"property","al:android:app_name","YouTube","http://www.youtube.com/watch?v=35T9jC_MASQ"
"property","al:android:package","com.google.android.youtube","http://www.youtube.com/watch?v=35T9jC_MASQ"
"property","al:web:url","https://www.youtube.com/watch?v=35T9jC_MASQ&feature=applinks","http://www.youtube.com/watch?v=35T9jC_MASQ"
"property","og:type","video","http://www.youtube.com/watch?v=35T9jC_MASQ"
"property","og:video:url","https://www.youtube.com/embed/35T9jC_MASQ","http://www.youtube.com/watch?v=35T9jC_MASQ"
"property","og:video:secure_url","https://www.youtube.com/embed/35T9jC_MASQ","http://www.youtube.com/watch?v=35T9jC_MASQ"
"property","og:video:type","text/html","http://www.youtube.com/watch?v=35T9jC_MASQ"
"property","og:video:width","1280","http://www.youtube.com/watch?v=35T9jC_MASQ"
"property","og:video:height","720","http://www.youtube.com/watch?v=35T9jC_MASQ"
"property","og:video:url","http://www.youtube.com/v/35T9jC_MASQ?version=3&autohide=1","http://www.youtube.com/watch?v=35T9jC_MASQ"
"property","og:video:secure_url","https://www.youtube.com/v/35T9jC_MASQ?version=3&autohide=1","http://www.youtube.com/watch?v=35T9jC_MASQ"
"property","og:video:type","application/x-shockwave-flash","http://www.youtube.com/watch?v=35T9jC_MASQ"
"property","og:video:width","1280","http://www.youtube.com/watch?v=35T9jC_MASQ"
"property","og:video:height","720","http://www.youtube.com/watch?v=35T9jC_MASQ"
"property","og:video:tag","Matt Schlapp","http://www.youtube.com/watch?v=35T9jC_MASQ"
"property","og:video:tag","American Conservative Union","http://www.youtube.com/watch?v=35T9jC_MASQ"
"property","og:video:tag","Timothy Snyder","http://www.youtube.com/watch?v=35T9jC_MASQ"
"property","og:video:tag","History","http://www.youtube.com/watch?v=35T9jC_MASQ"
"property","og:video:tag","Yale University","http://www.youtube.com/watch?v=35T9jC_MASQ"
"property","og:video:tag","On Tyranny","http://www.youtube.com/watch?v=35T9jC_MASQ"
"property","og:video:tag","Twenty Lessons from the Twentieth Century","http://www.youtube.com/watch?v=35T9jC_MASQ"
"property","og:video:tag","Chris Hayes","http://www.youtube.com/watch?v=35T9jC_MASQ"
"property","og:video:tag","MSNBC","http://www.youtube.com/watch?v=35T9jC_MASQ"
"property","og:video:tag","All In with Chris Hayes","http://www.youtube.com/watch?v=35T9jC_MASQ"
"property","og:video:tag","A Colony in a Nation","http://www.youtube.com/watch?v=35T9jC_MASQ"
"property","og:video:tag","Max Brooks","http://www.youtube.com/watch?v=35T9jC_MASQ"
"property","og:video:tag","Louise Mensch","http://www.youtube.com/watch?v=35T9jC_MASQ"
"property","og:video:tag","News Corp","http://www.youtube.com/watch?v=35T9jC_MASQ"
"property","og:video:tag","British MP","http://www.youtube.com/watch?v=35T9jC_MASQ"
"property","fb:app_id","87741124305","http://www.youtube.com/watch?v=35T9jC_MASQ"
"name","twitter:card","player","http://www.youtube.com/watch?v=35T9jC_MASQ"
"name","twitter:site","@youtube","http://www.youtube.com/watch?v=35T9jC_MASQ"
"name","twitter:url","https://www.youtube.com/watch?v=35T9jC_MASQ","http://www.youtube.com/watch?v=35T9jC_MASQ"
"name","twitter:title","New Rule: Trump and the Long Con | Real Time with Bill Maher (HBO)","http://www.youtube.com/watch?v=35T9jC_MASQ"
"name","twitter:description","Subscribe to the Real Time YouTube: http://itsh.bo/10r5A1B In his editorial New Rule, Bill Maher explores the similarities between President Trump and a snak...","http://www.youtube.com/watch?v=35T9jC_MASQ"
"name","twitter:image","https://i.ytimg.com/vi/35T9jC_MASQ/maxresdefault.jpg","http://www.youtube.com/watch?v=35T9jC_MASQ"
"name","twitter:app:name:iphone","YouTube","http://www.youtube.com/watch?v=35T9jC_MASQ"
"name","twitter:app:id:iphone","544007664","http://www.youtube.com/watch?v=35T9jC_MASQ"
"name","twitter:app:name:ipad","YouTube","http://www.youtube.com/watch?v=35T9jC_MASQ"
"name","twitter:app:id:ipad","544007664","http://www.youtube.com/watch?v=35T9jC_MASQ"
"name","twitter:app:url:iphone","vnd.youtube://www.youtube.com/watch?v=35T9jC_MASQ&feature=applinks","http://www.youtube.com/watch?v=35T9jC_MASQ"
"name","twitter:app:url:ipad","vnd.youtube://www.youtube.com/watch?v=35T9jC_MASQ&feature=applinks","http://www.youtube.com/watch?v=35T9jC_MASQ"
"name","twitter:app:name:googleplay","YouTube","http://www.youtube.com/watch?v=35T9jC_MASQ"
"name","twitter:app:id:googleplay","com.google.android.youtube","http://www.youtube.com/watch?v=35T9jC_MASQ"
"name","twitter:app:url:googleplay","https://www.youtube.com/watch?v=35T9jC_MASQ","http://www.youtube.com/watch?v=35T9jC_MASQ"
"name","twitter:player","https://www.youtube.com/embed/35T9jC_MASQ","http://www.youtube.com/watch?v=35T9jC_MASQ"
"name","twitter:player:width","1280","http://www.youtube.com/watch?v=35T9jC_MASQ"
"name","twitter:player:height","720","http://www.youtube.com/watch?v=35T9jC_MASQ"
"name","attribution","HBO/","http://www.youtube.com/watch?v=35T9jC_MASQ"
"itemprop","name","New Rule: Trump and the Long Con | Real Time with Bill Maher (HBO)","http://www.youtube.com/watch?v=35T9jC_MASQ"
"itemprop","description","Subscribe to the Real Time YouTube: http://itsh.bo/10r5A1B In his editorial New Rule, Bill Maher explores the similarities between President Trump and a snak...","http://www.youtube.com/watch?v=35T9jC_MASQ"
"itemprop","paid","False","http://www.youtube.com/watch?v=35T9jC_MASQ"
"itemprop","channelId","UCy6kyFxaMqGtpE3pQTflK8A","http://www.youtube.com/watch?v=35T9jC_MASQ"
"itemprop","videoId","35T9jC_MASQ","http://www.youtube.com/watch?v=35T9jC_MASQ"
"itemprop","duration","PT6M24S","http://www.youtube.com/watch?v=35T9jC_MASQ"
"itemprop","unlisted","False","http://www.youtube.com/watch?v=35T9jC_MASQ"
"itemprop","width","1280","http://www.youtube.com/watch?v=35T9jC_MASQ"
"itemprop","height","720","http://www.youtube.com/watch?v=35T9jC_MASQ"
"itemprop","playerType","HTML5 Flash","http://www.youtube.com/watch?v=35T9jC_MASQ"
"itemprop","width","1280","http://www.youtube.com/watch?v=35T9jC_MASQ"
"itemprop","height","720","http://www.youtube.com/watch?v=35T9jC_MASQ"
"itemprop","isFamilyFriendly","True","http://www.youtube.com/watch?v=35T9jC_MASQ"
"itemprop","regionsAllowed","AD,AE,AF,AG,AI,AL,AM,AO,AQ,AR,AS,AT,AU,AW,AX,AZ,BA,BB,BD,BE,BF,BG,BH,BI,BJ,BL,BM,BN,BO,BQ,BR,BS,BT,BV,BW,BY,BZ,CA,CC,CD,CF,CG,CH,CI,CK,CL,CM,CN,CO,CR,CU,CV,CW,CX,CY,CZ,DE,DJ,DK,DM,DO,DZ,EC,EE,EG,EH,ER,ES,ET,FI,FJ,FK,FM,FO,FR,GA,GB,GD,GE,GF,GG,GH,GI,GL,GM,GN,GP,GQ,GR,GS,GT,GU,GW,GY,HK,HM,HN,HR,HT,HU,ID,IE,IL,IM,IN,IO,IQ,IR,IS,IT,JE,JM,JO,JP,KE,KG,KH,KI,KM,KN,KP,KR,KW,KY,KZ,LA,LB,LC,LI,LK,LR,LS,LT,LU,LV,LY,MA,MC,MD,ME,MF,MG,MH,MK,ML,MM,MN,MO,MP,MQ,MR,MS,MT,MU,MV,MW,MX,MY,MZ,NA,NC,NE,NF,NG,NI,NL,NO,NP,NR,NU,NZ,OM,PA,PE,PF,PG,PH,PK,PL,PM,PN,PR,PS,PT,PW,PY,QA,RE,RO,RS,RU,RW,SA,SB,SC,SD,SE,SG,SH,SI,SJ,SK,SL,SM,SN,SO,SR,SS,ST,SV,SX,SY,SZ,TC,TD,TF,TG,TH,TJ,TK,TL,TM,TN,TO,TR,TT,TV,TW,TZ,UA,UG,UM,US,UY,UZ,VA,VC,VE,VG,VI,VN,VU,WF,WS,YE,YT,ZA,ZM,ZW","http://www.youtube.com/watch?v=35T9jC_MASQ"
"itemprop","interactionCount","1707321","http://www.youtube.com/watch?v=35T9jC_MASQ"
"itemprop","datePublished","2017-03-24","http://www.youtube.com/watch?v=35T9jC_MASQ"
"itemprop","genre","Film & Animation","http://www.youtube.com/watch?v=35T9jC_MASQ"
"name","title","New Rule: Collective Responsibility | Real Time with Bill Maher (HBO)","http://www.youtube.com/watch?v=965RuG22-Aw"
"name","description","Subscribe to the Real Time YouTube: http://itsh.bo/10r5A1B On St. Patrick's Day, Bill Maher reflects on his own Irish heritage and how liberals would react i...","http://www.youtube.com/watch?v=965RuG22-Aw"
"name","keywords","Sheldon Whitehouse, Democrat, Senator, Rhode Island, Captured, The Corporate Infiltration of American Democracy, Jake Tapper, CNN, Take The Lead With Jake Ta...","http://www.youtube.com/watch?v=965RuG22-Aw"
"name","theme-color","#e62117","http://www.youtube.com/watch?v=965RuG22-Aw"
"property","og:site_name","YouTube","http://www.youtube.com/watch?v=965RuG22-Aw"
"property","og:url","https://www.youtube.com/watch?v=965RuG22-Aw","http://www.youtube.com/watch?v=965RuG22-Aw"
"property","og:title","New Rule: Collective Responsibility | Real Time with Bill Maher (HBO)","http://www.youtube.com/watch?v=965RuG22-Aw"
"property","og:image","https://i.ytimg.com/vi/965RuG22-Aw/maxresdefault.jpg","http://www.youtube.com/watch?v=965RuG22-Aw"
"property","og:description","Subscribe to the Real Time YouTube: http://itsh.bo/10r5A1B On St. Patrick's Day, Bill Maher reflects on his own Irish heritage and how liberals would react i...","http://www.youtube.com/watch?v=965RuG22-Aw"
"property","al:ios:app_store_id","544007664","http://www.youtube.com/watch?v=965RuG22-Aw"
"property","al:ios:app_name","YouTube","http://www.youtube.com/watch?v=965RuG22-Aw"
"property","al:ios:url","vnd.youtube://www.youtube.com/watch?v=965RuG22-Aw&feature=applinks","http://www.youtube.com/watch?v=965RuG22-Aw"
"property","al:android:url","vnd.youtube://www.youtube.com/watch?v=965RuG22-Aw&feature=applinks","http://www.youtube.com/watch?v=965RuG22-Aw"
"property","al:android:app_name","YouTube","http://www.youtube.com/watch?v=965RuG22-Aw"
"property","al:android:package","com.google.android.youtube","http://www.youtube.com/watch?v=965RuG22-Aw"
"property","al:web:url","https://www.youtube.com/watch?v=965RuG22-Aw&feature=applinks","http://www.youtube.com/watch?v=965RuG22-Aw"
"property","og:type","video","http://www.youtube.com/watch?v=965RuG22-Aw"
"property","og:video:url","https://www.youtube.com/embed/965RuG22-Aw","http://www.youtube.com/watch?v=965RuG22-Aw"
"property","og:video:secure_url","https://www.youtube.com/embed/965RuG22-Aw","http://www.youtube.com/watch?v=965RuG22-Aw"
"property","og:video:type","text/html","http://www.youtube.com/watch?v=965RuG22-Aw"
"property","og:video:width","1280","http://www.youtube.com/watch?v=965RuG22-Aw"
"property","og:video:height","720","http://www.youtube.com/watch?v=965RuG22-Aw"
"property","og:video:url","http://www.youtube.com/v/965RuG22-Aw?version=3&autohide=1","http://www.youtube.com/watch?v=965RuG22-Aw"
"property","og:video:secure_url","https://www.youtube.com/v/965RuG22-Aw?version=3&autohide=1","http://www.youtube.com/watch?v=965RuG22-Aw"
"property","og:video:type","application/x-shockwave-flash","http://www.youtube.com/watch?v=965RuG22-Aw"
"property","og:video:width","1280","http://www.youtube.com/watch?v=965RuG22-Aw"
"property","og:video:height","720","http://www.youtube.com/watch?v=965RuG22-Aw"
"property","og:video:tag","Sheldon Whitehouse","http://www.youtube.com/watch?v=965RuG22-Aw"
"property","og:video:tag","Democrat","http://www.youtube.com/watch?v=965RuG22-Aw"
"property","og:video:tag","Senator","http://www.youtube.com/watch?v=965RuG22-Aw"
"property","og:video:tag","Rhode Island","http://www.youtube.com/watch?v=965RuG22-Aw"
"property","og:video:tag","Captured","http://www.youtube.com/watch?v=965RuG22-Aw"
"property","og:video:tag","The Corporate Infiltration of American Democracy","http://www.youtube.com/watch?v=965RuG22-Aw"
"property","og:video:tag","Jake Tapper","http://www.youtube.com/watch?v=965RuG22-Aw"
"property","og:video:tag","CNN","http://www.youtube.com/watch?v=965RuG22-Aw"
"property","og:video:tag","Take The Lead With Jake Tapper","http://www.youtube.com/watch?v=965RuG22-Aw"
"property","og:video:tag","State of the Union with Jake Tapper","http://www.youtube.com/watch?v=965RuG22-Aw"
"property","og:video:tag","Barney Frank","http://www.youtube.com/watch?v=965RuG22-Aw"
"property","og:video:tag","Congress","http://www.youtube.com/watch?v=965RuG22-Aw"
"property","og:video:tag","Massachusetts","http://www.youtube.com/watch?v=965RuG22-Aw"
"property","og:video:tag","Andrew Sullivan","http://www.youtube.com/watch?v=965RuG22-Aw"
"property","og:video:tag","New York Magazine","http://www.youtube.com/watch?v=965RuG22-Aw"
"property","fb:app_id","87741124305","http://www.youtube.com/watch?v=965RuG22-Aw"
"name","twitter:card","player","http://www.youtube.com/watch?v=965RuG22-Aw"
"name","twitter:site","@youtube","http://www.youtube.com/watch?v=965RuG22-Aw"
"name","twitter:url","https://www.youtube.com/watch?v=965RuG22-Aw","http://www.youtube.com/watch?v=965RuG22-Aw"
"name","twitter:title","New Rule: Collective Responsibility | Real Time with Bill Maher (HBO)","http://www.youtube.com/watch?v=965RuG22-Aw"
"name","twitter:description","Subscribe to the Real Time YouTube: http://itsh.bo/10r5A1B On St. Patrick's Day, Bill Maher reflects on his own Irish heritage and how liberals would react i...","http://www.youtube.com/watch?v=965RuG22-Aw"
"name","twitter:image","https://i.ytimg.com/vi/965RuG22-Aw/maxresdefault.jpg","http://www.youtube.com/watch?v=965RuG22-Aw"
"name","twitter:app:name:iphone","YouTube","http://www.youtube.com/watch?v=965RuG22-Aw"
"name","twitter:app:id:iphone","544007664","http://www.youtube.com/watch?v=965RuG22-Aw"
"name","twitter:app:name:ipad","YouTube","http://www.youtube.com/watch?v=965RuG22-Aw"
"name","twitter:app:id:ipad","544007664","http://www.youtube.com/watch?v=965RuG22-Aw"
"name","twitter:app:url:iphone","vnd.youtube://www.youtube.com/watch?v=965RuG22-Aw&feature=applinks","http://www.youtube.com/watch?v=965RuG22-Aw"
"name","twitter:app:url:ipad","vnd.youtube://www.youtube.com/watch?v=965RuG22-Aw&feature=applinks","http://www.youtube.com/watch?v=965RuG22-Aw"
"name","twitter:app:name:googleplay","YouTube","http://www.youtube.com/watch?v=965RuG22-Aw"
"name","twitter:app:id:googleplay","com.google.android.youtube","http://www.youtube.com/watch?v=965RuG22-Aw"
"name","twitter:app:url:googleplay","https://www.youtube.com/watch?v=965RuG22-Aw","http://www.youtube.com/watch?v=965RuG22-Aw"
"name","twitter:player","https://www.youtube.com/embed/965RuG22-Aw","http://www.youtube.com/watch?v=965RuG22-Aw"
"name","twitter:player:width","1280","http://www.youtube.com/watch?v=965RuG22-Aw"
"name","twitter:player:height","720","http://www.youtube.com/watch?v=965RuG22-Aw"
"name","attribution","HBO/","http://www.youtube.com/watch?v=965RuG22-Aw"
"itemprop","name","New Rule: Collective Responsibility | Real Time with Bill Maher (HBO)","http://www.youtube.com/watch?v=965RuG22-Aw"
"itemprop","description","Subscribe to the Real Time YouTube: http://itsh.bo/10r5A1B On St. Patrick's Day, Bill Maher reflects on his own Irish heritage and how liberals would react i...","http://www.youtube.com/watch?v=965RuG22-Aw"
"itemprop","paid","False","http://www.youtube.com/watch?v=965RuG22-Aw"
"itemprop","channelId","UCy6kyFxaMqGtpE3pQTflK8A","http://www.youtube.com/watch?v=965RuG22-Aw"
"itemprop","videoId","965RuG22-Aw","http://www.youtube.com/watch?v=965RuG22-Aw"
"itemprop","duration","PT5M41S","http://www.youtube.com/watch?v=965RuG22-Aw"
"itemprop","unlisted","False","http://www.youtube.com/watch?v=965RuG22-Aw"
"itemprop","width","1280","http://www.youtube.com/watch?v=965RuG22-Aw"
"itemprop","height","720","http://www.youtube.com/watch?v=965RuG22-Aw"
"itemprop","playerType","HTML5 Flash","http://www.youtube.com/watch?v=965RuG22-Aw"
"itemprop","width","1280","http://www.youtube.com/watch?v=965RuG22-Aw"
"itemprop","height","720","http://www.youtube.com/watch?v=965RuG22-Aw"
"itemprop","isFamilyFriendly","True","http://www.youtube.com/watch?v=965RuG22-Aw"
"itemprop","regionsAllowed","AD,AE,AF,AG,AI,AL,AM,AO,AQ,AR,AS,AT,AU,AW,AX,AZ,BA,BB,BD,BE,BF,BG,BH,BI,BJ,BL,BM,BN,BO,BQ,BR,BS,BT,BV,BW,BY,BZ,CA,CC,CD,CF,CG,CH,CI,CK,CL,CM,CN,CO,CR,CU,CV,CW,CX,CY,CZ,DE,DJ,DK,DM,DO,DZ,EC,EE,EG,EH,ER,ES,ET,FI,FJ,FK,FM,FO,FR,GA,GB,GD,GE,GF,GG,GH,GI,GL,GM,GN,GP,GQ,GR,GS,GT,GU,GW,GY,HK,HM,HN,HR,HT,HU,ID,IE,IL,IM,IN,IO,IQ,IR,IS,IT,JE,JM,JO,JP,KE,KG,KH,KI,KM,KN,KP,KR,KW,KY,KZ,LA,LB,LC,LI,LK,LR,LS,LT,LU,LV,LY,MA,MC,MD,ME,MF,MG,MH,MK,ML,MM,MN,MO,MP,MQ,MR,MS,MT,MU,MV,MW,MX,MY,MZ,NA,NC,NE,NF,NG,NI,NL,NO,NP,NR,NU,NZ,OM,PA,PE,PF,PG,PH,PK,PL,PM,PN,PR,PS,PT,PW,PY,QA,RE,RO,RS,RU,RW,SA,SB,SC,SD,SE,SG,SH,SI,SJ,SK,SL,SM,SN,SO,SR,SS,ST,SV,SX,SY,SZ,TC,TD,TF,TG,TH,TJ,TK,TL,TM,TN,TO,TR,TT,TV,TW,TZ,UA,UG,UM,US,UY,UZ,VA,VC,VE,VG,VI,VN,VU,WF,WS,YE,YT,ZA,ZM,ZW","http://www.youtube.com/watch?v=965RuG22-Aw"
"itemprop","interactionCount","285901","http://www.youtube.com/watch?v=965RuG22-Aw"
"itemprop","datePublished","2017-03-17","http://www.youtube.com/watch?v=965RuG22-Aw"
"itemprop","genre","Film & Animation","http://www.youtube.com/watch?v=965RuG22-Aw"
"name","title","New Rule: Trump's Enablers | Real Time with Bill Maher (HBO)","http://www.youtube.com/watch?v=sVavyvMoe8o"
"name","description","Subscribe to the Real Time YouTube: http://itsh.bo/10r5A1B In his editorial New Rule, Bill Maher calls out the cronies who get up every day and try to make D...","http://www.youtube.com/watch?v=sVavyvMoe8o"
"name","keywords","GOP strategist, Roger Stone, Donald Trump, The Making of the President 2016, How Donald Trump Orchestrated a Revolution, immigration activist, Jose Antonio V...","http://www.youtube.com/watch?v=sVavyvMoe8o"
"name","theme-color","#e62117","http://www.youtube.com/watch?v=sVavyvMoe8o"
"property","og:site_name","YouTube","http://www.youtube.com/watch?v=sVavyvMoe8o"
"property","og:url","https://www.youtube.com/watch?v=sVavyvMoe8o","http://www.youtube.com/watch?v=sVavyvMoe8o"
"property","og:title","New Rule: Trump's Enablers | Real Time with Bill Maher (HBO)","http://www.youtube.com/watch?v=sVavyvMoe8o"
"property","og:image","https://i.ytimg.com/vi/sVavyvMoe8o/maxresdefault.jpg","http://www.youtube.com/watch?v=sVavyvMoe8o"
"property","og:description","Subscribe to the Real Time YouTube: http://itsh.bo/10r5A1B In his editorial New Rule, Bill Maher calls out the cronies who get up every day and try to make D...","http://www.youtube.com/watch?v=sVavyvMoe8o"
"property","al:ios:app_store_id","544007664","http://www.youtube.com/watch?v=sVavyvMoe8o"
"property","al:ios:app_name","YouTube","http://www.youtube.com/watch?v=sVavyvMoe8o"
"property","al:ios:url","vnd.youtube://www.youtube.com/watch?v=sVavyvMoe8o&feature=applinks","http://www.youtube.com/watch?v=sVavyvMoe8o"
"property","al:android:url","vnd.youtube://www.youtube.com/watch?v=sVavyvMoe8o&feature=applinks","http://www.youtube.com/watch?v=sVavyvMoe8o"
"property","al:android:app_name","YouTube","http://www.youtube.com/watch?v=sVavyvMoe8o"
"property","al:android:package","com.google.android.youtube","http://www.youtube.com/watch?v=sVavyvMoe8o"
"property","al:web:url","https://www.youtube.com/watch?v=sVavyvMoe8o&feature=applinks","http://www.youtube.com/watch?v=sVavyvMoe8o"
"property","og:type","video","http://www.youtube.com/watch?v=sVavyvMoe8o"
"property","og:video:url","https://www.youtube.com/embed/sVavyvMoe8o","http://www.youtube.com/watch?v=sVavyvMoe8o"
"property","og:video:secure_url","https://www.youtube.com/embed/sVavyvMoe8o","http://www.youtube.com/watch?v=sVavyvMoe8o"
"property","og:video:type","text/html","http://www.youtube.com/watch?v=sVavyvMoe8o"
"property","og:video:width","1280","http://www.youtube.com/watch?v=sVavyvMoe8o"
"property","og:video:height","720","http://www.youtube.com/watch?v=sVavyvMoe8o"
"property","og:video:url","http://www.youtube.com/v/sVavyvMoe8o?version=3&autohide=1","http://www.youtube.com/watch?v=sVavyvMoe8o"
"property","og:video:secure_url","https://www.youtube.com/v/sVavyvMoe8o?version=3&autohide=1","http://www.youtube.com/watch?v=sVavyvMoe8o"
"property","og:video:type","application/x-shockwave-flash","http://www.youtube.com/watch?v=sVavyvMoe8o"
"property","og:video:width","1280","http://www.youtube.com/watch?v=sVavyvMoe8o"
"property","og:video:height","720","http://www.youtube.com/watch?v=sVavyvMoe8o"
"property","og:video:tag","GOP strategist","http://www.youtube.com/watch?v=sVavyvMoe8o"
"property","og:video:tag","Roger Stone","http://www.youtube.com/watch?v=sVavyvMoe8o"
"property","og:video:tag","Donald Trump","http://www.youtube.com/watch?v=sVavyvMoe8o"
"property","og:video:tag","The Making of the President 2016","http://www.youtube.com/watch?v=sVavyvMoe8o"
"property","og:video:tag","How Donald Trump Orchestrated a Revolution","http://www.youtube.com/watch?v=sVavyvMoe8o"
"property","og:video:tag","immigration activist","http://www.youtube.com/watch?v=sVavyvMoe8o"
"property","og:video:tag","Jose Antonio Vargas","http://www.youtube.com/watch?v=sVavyvMoe8o"
"property","og:video:tag","Pulitzer Prize","http://www.youtube.com/watch?v=sVavyvMoe8o"
"property","og:video:tag","journalist","http://www.youtube.com/watch?v=sVavyvMoe8o"
"property","og:video:tag","Define America","http://www.youtube.com/watch?v=sVavyvMoe8o"
"property","og:video:tag","Gen. Michael Hayden","http://www.youtube.com/watch?v=sVavyvMoe8o"
"property","og:video:tag","director of the NSA","http://www.youtube.com/watch?v=sVavyvMoe8o"
"property","og:video:tag","CIA","http://www.youtube.com/watch?v=sVavyvMoe8o"
"property","og:video:tag","Playing to the Edge","http://www.youtube.com/watch?v=sVavyvMoe8o"
"property","og:video:tag","American Intelligence in the Age of Terror","http://www.youtube.com/watch?v=sVavyvMoe8o"
"property","og:video:tag","Neera Tanden","http://www.youtube.com/watch?v=sVavyvMoe8o"
"property","og:video:tag","Center for American Progress","http://www.youtube.com/watch?v=sVavyvMoe8o"
"property","og:video:tag","Fmr. Sen. Rick Santorum","http://www.youtube.com/watch?v=sVavyvMoe8o"
"property","og:video:tag","Republican","http://www.youtube.com/watch?v=sVavyvMoe8o"
"property","og:video:tag","Pennsylvania","http://www.youtube.com/watch?v=sVavyvMoe8o"
"property","og:video:tag","2016","http://www.youtube.com/watch?v=sVavyvMoe8o"
"property","og:video:tag","Republican Candidate","http://www.youtube.com/watch?v=sVavyvMoe8o"
"property","og:video:tag","President","http://www.youtube.com/watch?v=sVavyvMoe8o"
"property","fb:app_id","87741124305","http://www.youtube.com/watch?v=sVavyvMoe8o"
"name","twitter:card","player","http://www.youtube.com/watch?v=sVavyvMoe8o"
"name","twitter:site","@youtube","http://www.youtube.com/watch?v=sVavyvMoe8o"
"name","twitter:url","https://www.youtube.com/watch?v=sVavyvMoe8o","http://www.youtube.com/watch?v=sVavyvMoe8o"
"name","twitter:title","New Rule: Trump's Enablers | Real Time with Bill Maher (HBO)","http://www.youtube.com/watch?v=sVavyvMoe8o"
"name","twitter:description","Subscribe to the Real Time YouTube: http://itsh.bo/10r5A1B In his editorial New Rule, Bill Maher calls out the cronies who get up every day and try to make D...","http://www.youtube.com/watch?v=sVavyvMoe8o"
"name","twitter:image","https://i.ytimg.com/vi/sVavyvMoe8o/maxresdefault.jpg","http://www.youtube.com/watch?v=sVavyvMoe8o"
"name","twitter:app:name:iphone","YouTube","http://www.youtube.com/watch?v=sVavyvMoe8o"
"name","twitter:app:id:iphone","544007664","http://www.youtube.com/watch?v=sVavyvMoe8o"
"name","twitter:app:name:ipad","YouTube","http://www.youtube.com/watch?v=sVavyvMoe8o"
"name","twitter:app:id:ipad","544007664","http://www.youtube.com/watch?v=sVavyvMoe8o"
"name","twitter:app:url:iphone","vnd.youtube://www.youtube.com/watch?v=sVavyvMoe8o&feature=applinks","http://www.youtube.com/watch?v=sVavyvMoe8o"
"name","twitter:app:url:ipad","vnd.youtube://www.youtube.com/watch?v=sVavyvMoe8o&feature=applinks","http://www.youtube.com/watch?v=sVavyvMoe8o"
"name","twitter:app:name:googleplay","YouTube","http://www.youtube.com/watch?v=sVavyvMoe8o"
"name","twitter:app:id:googleplay","com.google.android.youtube","http://www.youtube.com/watch?v=sVavyvMoe8o"
"name","twitter:app:url:googleplay","https://www.youtube.com/watch?v=sVavyvMoe8o","http://www.youtube.com/watch?v=sVavyvMoe8o"
"name","twitter:player","https://www.youtube.com/embed/sVavyvMoe8o","http://www.youtube.com/watch?v=sVavyvMoe8o"
"name","twitter:player:width","1280","http://www.youtube.com/watch?v=sVavyvMoe8o"
"name","twitter:player:height","720","http://www.youtube.com/watch?v=sVavyvMoe8o"
"name","attribution","HBO/","http://www.youtube.com/watch?v=sVavyvMoe8o"
"itemprop","name","New Rule: Trump's Enablers | Real Time with Bill Maher (HBO)","http://www.youtube.com/watch?v=sVavyvMoe8o"
"itemprop","description","Subscribe to the Real Time YouTube: http://itsh.bo/10r5A1B In his editorial New Rule, Bill Maher calls out the cronies who get up every day and try to make D...","http://www.youtube.com/watch?v=sVavyvMoe8o"
"itemprop","paid","False","http://www.youtube.com/watch?v=sVavyvMoe8o"
"itemprop","channelId","UCy6kyFxaMqGtpE3pQTflK8A","http://www.youtube.com/watch?v=sVavyvMoe8o"
"itemprop","videoId","sVavyvMoe8o","http://www.youtube.com/watch?v=sVavyvMoe8o"
"itemprop","duration","PT6M36S","http://www.youtube.com/watch?v=sVavyvMoe8o"
"itemprop","unlisted","False","http://www.youtube.com/watch?v=sVavyvMoe8o"
"itemprop","width","1280","http://www.youtube.com/watch?v=sVavyvMoe8o"
"itemprop","height","720","http://www.youtube.com/watch?v=sVavyvMoe8o"
"itemprop","playerType","HTML5 Flash","http://www.youtube.com/watch?v=sVavyvMoe8o"
"itemprop","width","1280","http://www.youtube.com/watch?v=sVavyvMoe8o"
"itemprop","height","720","http://www.youtube.com/watch?v=sVavyvMoe8o"
"itemprop","isFamilyFriendly","True","http://www.youtube.com/watch?v=sVavyvMoe8o"
"itemprop","regionsAllowed","AD,AE,AF,AG,AI,AL,AM,AO,AQ,AR,AS,AT,AU,AW,AX,AZ,BA,BB,BD,BE,BF,BG,BH,BI,BJ,BL,BM,BN,BO,BQ,BR,BS,BT,BV,BW,BY,BZ,CA,CC,CD,CF,CG,CH,CI,CK,CL,CM,CN,CO,CR,CU,CV,CW,CX,CY,CZ,DE,DJ,DK,DM,DO,DZ,EC,EE,EG,EH,ER,ES,ET,FI,FJ,FK,FM,FO,FR,GA,GB,GD,GE,GF,GG,GH,GI,GL,GM,GN,GP,GQ,GR,GS,GT,GU,GW,GY,HK,HM,HN,HR,HT,HU,ID,IE,IL,IM,IN,IO,IQ,IR,IS,IT,JE,JM,JO,JP,KE,KG,KH,KI,KM,KN,KP,KR,KW,KY,KZ,LA,LB,LC,LI,LK,LR,LS,LT,LU,LV,LY,MA,MC,MD,ME,MF,MG,MH,MK,ML,MM,MN,MO,MP,MQ,MR,MS,MT,MU,MV,MW,MX,MY,MZ,NA,NC,NE,NF,NG,NI,NL,NO,NP,NR,NU,NZ,OM,PA,PE,PF,PG,PH,PK,PL,PM,PN,PR,PS,PT,PW,PY,QA,RE,RO,RS,RU,RW,SA,SB,SC,SD,SE,SG,SH,SI,SJ,SK,SL,SM,SN,SO,SR,SS,ST,SV,SX,SY,SZ,TC,TD,TF,TG,TH,TJ,TK,TL,TM,TN,TO,TR,TT,TV,TW,TZ,UA,UG,UM,US,UY,UZ,VA,VC,VE,VG,VI,VN,VU,WF,WS,YE,YT,ZA,ZM,ZW","http://www.youtube.com/watch?v=sVavyvMoe8o"
"itemprop","interactionCount","1122699","http://www.youtube.com/watch?v=sVavyvMoe8o"
"itemprop","datePublished","2017-03-31","http://www.youtube.com/watch?v=sVavyvMoe8o"
"itemprop","genre","Film & Animation","http://www.youtube.com/watch?v=sVavyvMoe8o"
"name","title","New Rule: Stop Apologizing | Real Time with Bill Maher (HBO)","http://www.youtube.com/watch?v=JaC1-U8LIY0"
"name","description","Subscribe to the Real Time YouTube: http://itsh.bo/10r5A1B In his editorial New Rule, Bill calls on liberals to stop attacking each other over political inco...","http://www.youtube.com/watch?v=JaC1-U8LIY0"
"name","keywords","Richard Haass, Council on Foreign Relations, A World in Disarray, American Foreign Policy and the Crisis of the Old Order, John Avlon, the Daily Beast, Washi...","http://www.youtube.com/watch?v=JaC1-U8LIY0"
"name","theme-color","#e62117","http://www.youtube.com/watch?v=JaC1-U8LIY0"
"property","og:site_name","YouTube","http://www.youtube.com/watch?v=JaC1-U8LIY0"
"property","og:url","https://www.youtube.com/watch?v=JaC1-U8LIY0","http://www.youtube.com/watch?v=JaC1-U8LIY0"
"property","og:title","New Rule: Stop Apologizing | Real Time with Bill Maher (HBO)","http://www.youtube.com/watch?v=JaC1-U8LIY0"
"property","og:image","https://i.ytimg.com/vi/JaC1-U8LIY0/maxresdefault.jpg","http://www.youtube.com/watch?v=JaC1-U8LIY0"
"property","og:description","Subscribe to the Real Time YouTube: http://itsh.bo/10r5A1B In his editorial New Rule, Bill calls on liberals to stop attacking each other over political inco...","http://www.youtube.com/watch?v=JaC1-U8LIY0"
"property","al:ios:app_store_id","544007664","http://www.youtube.com/watch?v=JaC1-U8LIY0"
"property","al:ios:app_name","YouTube","http://www.youtube.com/watch?v=JaC1-U8LIY0"
"property","al:ios:url","vnd.youtube://www.youtube.com/watch?v=JaC1-U8LIY0&feature=applinks","http://www.youtube.com/watch?v=JaC1-U8LIY0"
"property","al:android:url","vnd.youtube://www.youtube.com/watch?v=JaC1-U8LIY0&feature=applinks","http://www.youtube.com/watch?v=JaC1-U8LIY0"
"property","al:android:app_name","YouTube","http://www.youtube.com/watch?v=JaC1-U8LIY0"
"property","al:android:package","com.google.android.youtube","http://www.youtube.com/watch?v=JaC1-U8LIY0"
"property","al:web:url","https://www.youtube.com/watch?v=JaC1-U8LIY0&feature=applinks","http://www.youtube.com/watch?v=JaC1-U8LIY0"
"property","og:type","video","http://www.youtube.com/watch?v=JaC1-U8LIY0"
"property","og:video:url","https://www.youtube.com/embed/JaC1-U8LIY0","http://www.youtube.com/watch?v=JaC1-U8LIY0"
"property","og:video:secure_url","https://www.youtube.com/embed/JaC1-U8LIY0","http://www.youtube.com/watch?v=JaC1-U8LIY0"
"property","og:video:type","text/html","http://www.youtube.com/watch?v=JaC1-U8LIY0"
"property","og:video:width","1280","http://www.youtube.com/watch?v=JaC1-U8LIY0"
"property","og:video:height","720","http://www.youtube.com/watch?v=JaC1-U8LIY0"
"property","og:video:url","http://www.youtube.com/v/JaC1-U8LIY0?version=3&autohide=1","http://www.youtube.com/watch?v=JaC1-U8LIY0"
"property","og:video:secure_url","https://www.youtube.com/v/JaC1-U8LIY0?version=3&autohide=1","http://www.youtube.com/watch?v=JaC1-U8LIY0"
"property","og:video:type","application/x-shockwave-flash","http://www.youtube.com/watch?v=JaC1-U8LIY0"
"property","og:video:width","1280","http://www.youtube.com/watch?v=JaC1-U8LIY0"
"property","og:video:height","720","http://www.youtube.com/watch?v=JaC1-U8LIY0"
"property","og:video:tag","Richard Haass","http://www.youtube.com/watch?v=JaC1-U8LIY0"
"property","og:video:tag","Council on Foreign Relations","http://www.youtube.com/watch?v=JaC1-U8LIY0"
"property","og:video:tag","A World in Disarray","http://www.youtube.com/watch?v=JaC1-U8LIY0"
"property","og:video:tag","American Foreign Policy and the Crisis of the Old Order","http://www.youtube.com/watch?v=JaC1-U8LIY0"
"property","og:video:tag","John Avlon","http://www.youtube.com/watch?v=JaC1-U8LIY0"
"property","og:video:tag","the Daily Beast","http://www.youtube.com/watch?v=JaC1-U8LIY0"
"property","og:video:tag","Washington's Farewell","http://www.youtube.com/watch?v=JaC1-U8LIY0"
"property","og:video:tag","The Founding Father's Warning to Future Generations","http://www.youtube.com/watch?v=JaC1-U8LIY0"
"property","og:video:tag","Eva Longoria (Actress)","http://www.youtube.com/watch?v=JaC1-U8LIY0"
"property","og:video:tag","the Eva Longoria Foundation","http://www.youtube.com/watch?v=JaC1-U8LIY0"
"property","og:video:tag","Grover Norquist","http://www.youtube.com/watch?v=JaC1-U8LIY0"
"property","og:video:tag","Americans for Tax Reform","http://www.youtube.com/watch?v=JaC1-U8LIY0"
"property","og:video:tag","Rep. Tim Ryan","http://www.youtube.com/watch?v=JaC1-U8LIY0"
"property","og:video:tag","Democrat","http://www.youtube.com/watch?v=JaC1-U8LIY0"
"property","og:video:tag","Ohio","http://www.youtube.com/watch?v=JaC1-U8LIY0"
"property","og:video:tag","The Real Food Revolution","http://www.youtube.com/watch?v=JaC1-U8LIY0"
"property","og:video:tag","Healthy Eating","http://www.youtube.com/watch?v=JaC1-U8LIY0"
"property","og:video:tag","Green Groceries","http://www.youtube.com/watch?v=JaC1-U8LIY0"
"property","og:video:tag","and the Return of The American Family Farm","http://www.youtube.com/watch?v=JaC1-U8LIY0"
"property","fb:app_id","87741124305","http://www.youtube.com/watch?v=JaC1-U8LIY0"
"name","twitter:card","player","http://www.youtube.com/watch?v=JaC1-U8LIY0"
"name","twitter:site","@youtube","http://www.youtube.com/watch?v=JaC1-U8LIY0"
"name","twitter:url","https://www.youtube.com/watch?v=JaC1-U8LIY0","http://www.youtube.com/watch?v=JaC1-U8LIY0"
"name","twitter:title","New Rule: Stop Apologizing | Real Time with Bill Maher (HBO)","http://www.youtube.com/watch?v=JaC1-U8LIY0"
"name","twitter:description","Subscribe to the Real Time YouTube: http://itsh.bo/10r5A1B In his editorial New Rule, Bill calls on liberals to stop attacking each other over political inco...","http://www.youtube.com/watch?v=JaC1-U8LIY0"
"name","twitter:image","https://i.ytimg.com/vi/JaC1-U8LIY0/maxresdefault.jpg","http://www.youtube.com/watch?v=JaC1-U8LIY0"
"name","twitter:app:name:iphone","YouTube","http://www.youtube.com/watch?v=JaC1-U8LIY0"
"name","twitter:app:id:iphone","544007664","http://www.youtube.com/watch?v=JaC1-U8LIY0"
"name","twitter:app:name:ipad","YouTube","http://www.youtube.com/watch?v=JaC1-U8LIY0"
"name","twitter:app:id:ipad","544007664","http://www.youtube.com/watch?v=JaC1-U8LIY0"
"name","twitter:app:url:iphone","vnd.youtube://www.youtube.com/watch?v=JaC1-U8LIY0&feature=applinks","http://www.youtube.com/watch?v=JaC1-U8LIY0"
"name","twitter:app:url:ipad","vnd.youtube://www.youtube.com/watch?v=JaC1-U8LIY0&feature=applinks","http://www.youtube.com/watch?v=JaC1-U8LIY0"
"name","twitter:app:name:googleplay","YouTube","http://www.youtube.com/watch?v=JaC1-U8LIY0"
"name","twitter:app:id:googleplay","com.google.android.youtube","http://www.youtube.com/watch?v=JaC1-U8LIY0"
"name","twitter:app:url:googleplay","https://www.youtube.com/watch?v=JaC1-U8LIY0","http://www.youtube.com/watch?v=JaC1-U8LIY0"
"name","twitter:player","https://www.youtube.com/embed/JaC1-U8LIY0","http://www.youtube.com/watch?v=JaC1-U8LIY0"
"name","twitter:player:width","1280","http://www.youtube.com/watch?v=JaC1-U8LIY0"
"name","twitter:player:height","720","http://www.youtube.com/watch?v=JaC1-U8LIY0"
"name","attribution","HBO/","http://www.youtube.com/watch?v=JaC1-U8LIY0"
"itemprop","name","New Rule: Stop Apologizing | Real Time with Bill Maher (HBO)","http://www.youtube.com/watch?v=JaC1-U8LIY0"
"itemprop","description","Subscribe to the Real Time YouTube: http://itsh.bo/10r5A1B In his editorial New Rule, Bill calls on liberals to stop attacking each other over political inco...","http://www.youtube.com/watch?v=JaC1-U8LIY0"
"itemprop","paid","False","http://www.youtube.com/watch?v=JaC1-U8LIY0"
"itemprop","channelId","UCy6kyFxaMqGtpE3pQTflK8A","http://www.youtube.com/watch?v=JaC1-U8LIY0"
"itemprop","videoId","JaC1-U8LIY0","http://www.youtube.com/watch?v=JaC1-U8LIY0"
"itemprop","duration","PT5M55S","http://www.youtube.com/watch?v=JaC1-U8LIY0"
"itemprop","unlisted","False","http://www.youtube.com/watch?v=JaC1-U8LIY0"
"itemprop","width","1280","http://www.youtube.com/watch?v=JaC1-U8LIY0"
"itemprop","height","720","http://www.youtube.com/watch?v=JaC1-U8LIY0"
"itemprop","playerType","HTML5 Flash","http://www.youtube.com/watch?v=JaC1-U8LIY0"
"itemprop","width","1280","http://www.youtube.com/watch?v=JaC1-U8LIY0"
"itemprop","height","720","http://www.youtube.com/watch?v=JaC1-U8LIY0"
"itemprop","isFamilyFriendly","True","http://www.youtube.com/watch?v=JaC1-U8LIY0"
"itemprop","regionsAllowed","AD,AE,AF,AG,AI,AL,AM,AO,AQ,AR,AS,AT,AU,AW,AX,AZ,BA,BB,BD,BE,BF,BG,BH,BI,BJ,BL,BM,BN,BO,BQ,BR,BS,BT,BV,BW,BY,BZ,CA,CC,CD,CF,CG,CH,CI,CK,CL,CM,CN,CO,CR,CU,CV,CW,CX,CY,CZ,DE,DJ,DK,DM,DO,DZ,EC,EE,EG,EH,ER,ES,ET,FI,FJ,FK,FM,FO,FR,GA,GB,GD,GE,GF,GG,GH,GI,GL,GM,GN,GP,GQ,GR,GS,GT,GU,GW,GY,HK,HM,HN,HR,HT,HU,ID,IE,IL,IM,IN,IO,IQ,IR,IS,IT,JE,JM,JO,JP,KE,KG,KH,KI,KM,KN,KP,KR,KW,KY,KZ,LA,LB,LC,LI,LK,LR,LS,LT,LU,LV,LY,MA,MC,MD,ME,MF,MG,MH,MK,ML,MM,MN,MO,MP,MQ,MR,MS,MT,MU,MV,MW,MX,MY,MZ,NA,NC,NE,NF,NG,NI,NL,NO,NP,NR,NU,NZ,OM,PA,PE,PF,PG,PH,PK,PL,PM,PN,PR,PS,PT,PW,PY,QA,RE,RO,RS,RU,RW,SA,SB,SC,SD,SE,SG,SH,SI,SJ,SK,SL,SM,SN,SO,SR,SS,ST,SV,SX,SY,SZ,TC,TD,TF,TG,TH,TJ,TK,TL,TM,TN,TO,TR,TT,TV,TW,TZ,UA,UG,UM,US,UY,UZ,VA,VC,VE,VG,VI,VN,VU,WF,WS,YE,YT,ZA,ZM,ZW","http://www.youtube.com/watch?v=JaC1-U8LIY0"
"itemprop","interactionCount","1754474","http://www.youtube.com/watch?v=JaC1-U8LIY0"
"itemprop","datePublished","2017-01-27","http://www.youtube.com/watch?v=JaC1-U8LIY0"
"itemprop","genre","Film & Animation","http://www.youtube.com/watch?v=JaC1-U8LIY0"
"name","title","New Rule: What Would a Dick Do? | Real Time with Bill Maher (HBO)","http://www.youtube.com/watch?v=P2QXMGYluzo"
"name","description","Subscribe to the Real Time YouTube: http://itsh.bo/10r5A1B In his editorial New Rule, Bill Maher tells Republicans that they have to learn the difference bet...","http://www.youtube.com/watch?v=P2QXMGYluzo"
"name","keywords","Jelani Cobb, The New Yorker, comedian, Chelsea Handler, Chelsea, Netflix, Rep. Ted Lieu, Democrat, California, Evan McMullin, CIA, 2016, Independent, Preside...","http://www.youtube.com/watch?v=P2QXMGYluzo"
"name","theme-color","#e62117","http://www.youtube.com/watch?v=P2QXMGYluzo"
"property","og:site_name","YouTube","http://www.youtube.com/watch?v=P2QXMGYluzo"
"property","og:url","https://www.youtube.com/watch?v=P2QXMGYluzo","http://www.youtube.com/watch?v=P2QXMGYluzo"
"property","og:title","New Rule: What Would a Dick Do? | Real Time with Bill Maher (HBO)","http://www.youtube.com/watch?v=P2QXMGYluzo"
"property","og:image","https://i.ytimg.com/vi/P2QXMGYluzo/maxresdefault.jpg","http://www.youtube.com/watch?v=P2QXMGYluzo"
"property","og:description","Subscribe to the Real Time YouTube: http://itsh.bo/10r5A1B In his editorial New Rule, Bill Maher tells Republicans that they have to learn the difference bet...","http://www.youtube.com/watch?v=P2QXMGYluzo"
"property","al:ios:app_store_id","544007664","http://www.youtube.com/watch?v=P2QXMGYluzo"
"property","al:ios:app_name","YouTube","http://www.youtube.com/watch?v=P2QXMGYluzo"
"property","al:ios:url","vnd.youtube://www.youtube.com/watch?v=P2QXMGYluzo&feature=applinks","http://www.youtube.com/watch?v=P2QXMGYluzo"
"property","al:android:url","vnd.youtube://www.youtube.com/watch?v=P2QXMGYluzo&feature=applinks","http://www.youtube.com/watch?v=P2QXMGYluzo"
"property","al:android:app_name","YouTube","http://www.youtube.com/watch?v=P2QXMGYluzo"
"property","al:android:package","com.google.android.youtube","http://www.youtube.com/watch?v=P2QXMGYluzo"
"property","al:web:url","https://www.youtube.com/watch?v=P2QXMGYluzo&feature=applinks","http://www.youtube.com/watch?v=P2QXMGYluzo"
"property","og:type","video","http://www.youtube.com/watch?v=P2QXMGYluzo"
"property","og:video:url","https://www.youtube.com/embed/P2QXMGYluzo","http://www.youtube.com/watch?v=P2QXMGYluzo"
"property","og:video:secure_url","https://www.youtube.com/embed/P2QXMGYluzo","http://www.youtube.com/watch?v=P2QXMGYluzo"
"property","og:video:type","text/html","http://www.youtube.com/watch?v=P2QXMGYluzo"
"property","og:video:width","1280","http://www.youtube.com/watch?v=P2QXMGYluzo"
"property","og:video:height","720","http://www.youtube.com/watch?v=P2QXMGYluzo"
"property","og:video:url","http://www.youtube.com/v/P2QXMGYluzo?version=3&autohide=1","http://www.youtube.com/watch?v=P2QXMGYluzo"
"property","og:video:secure_url","https://www.youtube.com/v/P2QXMGYluzo?version=3&autohide=1","http://www.youtube.com/watch?v=P2QXMGYluzo"
"property","og:video:type","application/x-shockwave-flash","http://www.youtube.com/watch?v=P2QXMGYluzo"
"property","og:video:width","1280","http://www.youtube.com/watch?v=P2QXMGYluzo"
"property","og:video:height","720","http://www.youtube.com/watch?v=P2QXMGYluzo"
"property","og:video:tag","Jelani Cobb","http://www.youtube.com/watch?v=P2QXMGYluzo"
"property","og:video:tag","The New Yorker","http://www.youtube.com/watch?v=P2QXMGYluzo"
"property","og:video:tag","comedian","http://www.youtube.com/watch?v=P2QXMGYluzo"
"property","og:video:tag","Chelsea Handler","http://www.youtube.com/watch?v=P2QXMGYluzo"
"property","og:video:tag","Chelsea","http://www.youtube.com/watch?v=P2QXMGYluzo"
"property","og:video:tag","Netflix","http://www.youtube.com/watch?v=P2QXMGYluzo"
"property","og:video:tag","Rep. Ted Lieu","http://www.youtube.com/watch?v=P2QXMGYluzo"
"property","og:video:tag","Democrat","http://www.youtube.com/watch?v=P2QXMGYluzo"
"property","og:video:tag","California","http://www.youtube.com/watch?v=P2QXMGYluzo"
"property","og:video:tag","Evan McMullin","http://www.youtube.com/watch?v=P2QXMGYluzo"
"property","og:video:tag","CIA","http://www.youtube.com/watch?v=P2QXMGYluzo"
"property","og:video:tag","2016","http://www.youtube.com/watch?v=P2QXMGYluzo"
"property","og:video:tag","Independent","http://www.youtube.com/watch?v=P2QXMGYluzo"
"property","og:video:tag","Presidential candidate","http://www.youtube.com/watch?v=P2QXMGYluzo"
"property","og:video:tag","Ana Navarro","http://www.youtube.com/watch?v=P2QXMGYluzo"
"property","og:video:tag","CNN","http://www.youtube.com/watch?v=P2QXMGYluzo"
"property","fb:app_id","87741124305","http://www.youtube.com/watch?v=P2QXMGYluzo"
"name","twitter:card","player","http://www.youtube.com/watch?v=P2QXMGYluzo"
"name","twitter:site","@youtube","http://www.youtube.com/watch?v=P2QXMGYluzo"
"name","twitter:url","https://www.youtube.com/watch?v=P2QXMGYluzo","http://www.youtube.com/watch?v=P2QXMGYluzo"
"name","twitter:title","New Rule: What Would a Dick Do? | Real Time with Bill Maher (HBO)","http://www.youtube.com/watch?v=P2QXMGYluzo"
"name","twitter:description","Subscribe to the Real Time YouTube: http://itsh.bo/10r5A1B In his editorial New Rule, Bill Maher tells Republicans that they have to learn the difference bet...","http://www.youtube.com/watch?v=P2QXMGYluzo"
"name","twitter:image","https://i.ytimg.com/vi/P2QXMGYluzo/maxresdefault.jpg","http://www.youtube.com/watch?v=P2QXMGYluzo"
"name","twitter:app:name:iphone","YouTube","http://www.youtube.com/watch?v=P2QXMGYluzo"
"name","twitter:app:id:iphone","544007664","http://www.youtube.com/watch?v=P2QXMGYluzo"
"name","twitter:app:name:ipad","YouTube","http://www.youtube.com/watch?v=P2QXMGYluzo"
"name","twitter:app:id:ipad","544007664","http://www.youtube.com/watch?v=P2QXMGYluzo"
"name","twitter:app:url:iphone","vnd.youtube://www.youtube.com/watch?v=P2QXMGYluzo&feature=applinks","http://www.youtube.com/watch?v=P2QXMGYluzo"
"name","twitter:app:url:ipad","vnd.youtube://www.youtube.com/watch?v=P2QXMGYluzo&feature=applinks","http://www.youtube.com/watch?v=P2QXMGYluzo"
"name","twitter:app:name:googleplay","YouTube","http://www.youtube.com/watch?v=P2QXMGYluzo"
"name","twitter:app:id:googleplay","com.google.android.youtube","http://www.youtube.com/watch?v=P2QXMGYluzo"
"name","twitter:app:url:googleplay","https://www.youtube.com/watch?v=P2QXMGYluzo","http://www.youtube.com/watch?v=P2QXMGYluzo"
"name","twitter:player","https://www.youtube.com/embed/P2QXMGYluzo","http://www.youtube.com/watch?v=P2QXMGYluzo"
"name","twitter:player:width","1280","http://www.youtube.com/watch?v=P2QXMGYluzo"
"name","twitter:player:height","720","http://www.youtube.com/watch?v=P2QXMGYluzo"
"name","attribution","HBO/","http://www.youtube.com/watch?v=P2QXMGYluzo"
"itemprop","name","New Rule: What Would a Dick Do? | Real Time with Bill Maher (HBO)","http://www.youtube.com/watch?v=P2QXMGYluzo"
"itemprop","description","Subscribe to the Real Time YouTube: http://itsh.bo/10r5A1B In his editorial New Rule, Bill Maher tells Republicans that they have to learn the difference bet...","http://www.youtube.com/watch?v=P2QXMGYluzo"
"itemprop","paid","False","http://www.youtube.com/watch?v=P2QXMGYluzo"
"itemprop","channelId","UCy6kyFxaMqGtpE3pQTflK8A","http://www.youtube.com/watch?v=P2QXMGYluzo"
"itemprop","videoId","P2QXMGYluzo","http://www.youtube.com/watch?v=P2QXMGYluzo"
"itemprop","duration","PT5M24S","http://www.youtube.com/watch?v=P2QXMGYluzo"
"itemprop","unlisted","False","http://www.youtube.com/watch?v=P2QXMGYluzo"
"itemprop","width","1280","http://www.youtube.com/watch?v=P2QXMGYluzo"
"itemprop","height","720","http://www.youtube.com/watch?v=P2QXMGYluzo"
"itemprop","playerType","HTML5 Flash","http://www.youtube.com/watch?v=P2QXMGYluzo"
"itemprop","width","1280","http://www.youtube.com/watch?v=P2QXMGYluzo"
"itemprop","height","720","http://www.youtube.com/watch?v=P2QXMGYluzo"
"itemprop","isFamilyFriendly","True","http://www.youtube.com/watch?v=P2QXMGYluzo"
"itemprop","regionsAllowed","AD,AE,AF,AG,AI,AL,AM,AO,AQ,AR,AS,AT,AU,AW,AX,AZ,BA,BB,BD,BE,BF,BG,BH,BI,BJ,BL,BM,BN,BO,BQ,BR,BS,BT,BV,BW,BY,BZ,CA,CC,CD,CF,CG,CH,CI,CK,CL,CM,CN,CO,CR,CU,CV,CW,CX,CY,CZ,DE,DJ,DK,DM,DO,DZ,EC,EE,EG,EH,ER,ES,ET,FI,FJ,FK,FM,FO,FR,GA,GB,GD,GE,GF,GG,GH,GI,GL,GM,GN,GP,GQ,GR,GS,GT,GU,GW,GY,HK,HM,HN,HR,HT,HU,ID,IE,IL,IM,IN,IO,IQ,IR,IS,IT,JE,JM,JO,JP,KE,KG,KH,KI,KM,KN,KP,KR,KW,KY,KZ,LA,LB,LC,LI,LK,LR,LS,LT,LU,LV,LY,MA,MC,MD,ME,MF,MG,MH,MK,ML,MM,MN,MO,MP,MQ,MR,MS,MT,MU,MV,MW,MX,MY,MZ,NA,NC,NE,NF,NG,NI,NL,NO,NP,NR,NU,NZ,OM,PA,PE,PF,PG,PH,PK,PL,PM,PN,PR,PS,PT,PW,PY,QA,RE,RO,RS,RU,RW,SA,SB,SC,SD,SE,SG,SH,SI,SJ,SK,SL,SM,SN,SO,SR,SS,ST,SV,SX,SY,SZ,TC,TD,TF,TG,TH,TJ,TK,TL,TM,TN,TO,TR,TT,TV,TW,TZ,UA,UG,UM,US,UY,UZ,VA,VC,VE,VG,VI,VN,VU,WF,WS,YE,YT,ZA,ZM,ZW","http://www.youtube.com/watch?v=P2QXMGYluzo"
"itemprop","interactionCount","1572847","http://www.youtube.com/watch?v=P2QXMGYluzo"
"itemprop","datePublished","2017-04-07","http://www.youtube.com/watch?v=P2QXMGYluzo"
"itemprop","genre","Film & Animation","http://www.youtube.com/watch?v=P2QXMGYluzo"
"name","title","New Rule: Press We Can | Real Time with Bill Maher (HBO)","http://www.youtube.com/watch?v=ikiZvUGkLjo"
"name","description","Subscribe to the Real Time YouTube: http://itsh.bo/10r5A1B In his editorial New Rule, Bill calls on the news media to win back its reputation, even if it mea...","http://www.youtube.com/watch?v=ikiZvUGkLjo"
"name","keywords","Darrell Issa, Republican, California, House Judiciary Committee, Fran Lebowitz, Vanity Fair, Senator Angus King, Independent, Maine, Asra Nomani, The Daily B...","http://www.youtube.com/watch?v=ikiZvUGkLjo"
"name","theme-color","#e62117","http://www.youtube.com/watch?v=ikiZvUGkLjo"
"property","og:site_name","YouTube","http://www.youtube.com/watch?v=ikiZvUGkLjo"
"property","og:url","https://www.youtube.com/watch?v=ikiZvUGkLjo","http://www.youtube.com/watch?v=ikiZvUGkLjo"
"property","og:title","New Rule: Press We Can | Real Time with Bill Maher (HBO)","http://www.youtube.com/watch?v=ikiZvUGkLjo"
"property","og:image","https://i.ytimg.com/vi/ikiZvUGkLjo/maxresdefault.jpg","http://www.youtube.com/watch?v=ikiZvUGkLjo"
"property","og:description","Subscribe to the Real Time YouTube: http://itsh.bo/10r5A1B In his editorial New Rule, Bill calls on the news media to win back its reputation, even if it mea...","http://www.youtube.com/watch?v=ikiZvUGkLjo"
"property","al:ios:app_store_id","544007664","http://www.youtube.com/watch?v=ikiZvUGkLjo"
"property","al:ios:app_name","YouTube","http://www.youtube.com/watch?v=ikiZvUGkLjo"
"property","al:ios:url","vnd.youtube://www.youtube.com/watch?v=ikiZvUGkLjo&feature=applinks","http://www.youtube.com/watch?v=ikiZvUGkLjo"
"property","al:android:url","vnd.youtube://www.youtube.com/watch?v=ikiZvUGkLjo&feature=applinks","http://www.youtube.com/watch?v=ikiZvUGkLjo"
"property","al:android:app_name","YouTube","http://www.youtube.com/watch?v=ikiZvUGkLjo"
"property","al:android:package","com.google.android.youtube","http://www.youtube.com/watch?v=ikiZvUGkLjo"
"property","al:web:url","https://www.youtube.com/watch?v=ikiZvUGkLjo&feature=applinks","http://www.youtube.com/watch?v=ikiZvUGkLjo"
"property","og:type","video","http://www.youtube.com/watch?v=ikiZvUGkLjo"
"property","og:video:url","https://www.youtube.com/embed/ikiZvUGkLjo","http://www.youtube.com/watch?v=ikiZvUGkLjo"
"property","og:video:secure_url","https://www.youtube.com/embed/ikiZvUGkLjo","http://www.youtube.com/watch?v=ikiZvUGkLjo"
"property","og:video:type","text/html","http://www.youtube.com/watch?v=ikiZvUGkLjo"
"property","og:video:width","1280","http://www.youtube.com/watch?v=ikiZvUGkLjo"
"property","og:video:height","720","http://www.youtube.com/watch?v=ikiZvUGkLjo"
"property","og:video:url","http://www.youtube.com/v/ikiZvUGkLjo?version=3&autohide=1","http://www.youtube.com/watch?v=ikiZvUGkLjo"
"property","og:video:secure_url","https://www.youtube.com/v/ikiZvUGkLjo?version=3&autohide=1","http://www.youtube.com/watch?v=ikiZvUGkLjo"
"property","og:video:type","application/x-shockwave-flash","http://www.youtube.com/watch?v=ikiZvUGkLjo"
"property","og:video:width","1280","http://www.youtube.com/watch?v=ikiZvUGkLjo"
"property","og:video:height","720","http://www.youtube.com/watch?v=ikiZvUGkLjo"
"property","og:video:tag","Darrell Issa","http://www.youtube.com/watch?v=ikiZvUGkLjo"
"property","og:video:tag","Republican","http://www.youtube.com/watch?v=ikiZvUGkLjo"
"property","og:video:tag","California","http://www.youtube.com/watch?v=ikiZvUGkLjo"
"property","og:video:tag","House Judiciary Committee","http://www.youtube.com/watch?v=ikiZvUGkLjo"
"property","og:video:tag","Fran Lebowitz","http://www.youtube.com/watch?v=ikiZvUGkLjo"
"property","og:video:tag","Vanity Fair","http://www.youtube.com/watch?v=ikiZvUGkLjo"
"property","og:video:tag","Senator Angus King","http://www.youtube.com/watch?v=ikiZvUGkLjo"
"property","og:video:tag","Independent","http://www.youtube.com/watch?v=ikiZvUGkLjo"
"property","og:video:tag","Maine","http://www.youtube.com/watch?v=ikiZvUGkLjo"
"property","og:video:tag","Asra Nomani","http://www.youtube.com/watch?v=ikiZvUGkLjo"
"property","og:video:tag","The Daily Beast","http://www.youtube.com/watch?v=ikiZvUGkLjo"
"property","og:video:tag","Standing Alone","http://www.youtube.com/watch?v=ikiZvUGkLjo"
"property","og:video:tag","An American Woman's Struggle for the Soul of Islam","http://www.youtube.com/watch?v=ikiZvUGkLjo"
"property","og:video:tag","Seth MacFarlane","http://www.youtube.com/watch?v=ikiZvUGkLjo"
"property","fb:app_id","87741124305","http://www.youtube.com/watch?v=ikiZvUGkLjo"
"name","twitter:card","player","http://www.youtube.com/watch?v=ikiZvUGkLjo"
"name","twitter:site","@youtube","http://www.youtube.com/watch?v=ikiZvUGkLjo"
"name","twitter:url","https://www.youtube.com/watch?v=ikiZvUGkLjo","http://www.youtube.com/watch?v=ikiZvUGkLjo"
"name","twitter:title","New Rule: Press We Can | Real Time with Bill Maher (HBO)","http://www.youtube.com/watch?v=ikiZvUGkLjo"
"name","twitter:description","Subscribe to the Real Time YouTube: http://itsh.bo/10r5A1B In his editorial New Rule, Bill calls on the news media to win back its reputation, even if it mea...","http://www.youtube.com/watch?v=ikiZvUGkLjo"
"name","twitter:image","https://i.ytimg.com/vi/ikiZvUGkLjo/maxresdefault.jpg","http://www.youtube.com/watch?v=ikiZvUGkLjo"
"name","twitter:app:name:iphone","YouTube","http://www.youtube.com/watch?v=ikiZvUGkLjo"
"name","twitter:app:id:iphone","544007664","http://www.youtube.com/watch?v=ikiZvUGkLjo"
"name","twitter:app:name:ipad","YouTube","http://www.youtube.com/watch?v=ikiZvUGkLjo"
"name","twitter:app:id:ipad","544007664","http://www.youtube.com/watch?v=ikiZvUGkLjo"
"name","twitter:app:url:iphone","vnd.youtube://www.youtube.com/watch?v=ikiZvUGkLjo&feature=applinks","http://www.youtube.com/watch?v=ikiZvUGkLjo"
"name","twitter:app:url:ipad","vnd.youtube://www.youtube.com/watch?v=ikiZvUGkLjo&feature=applinks","http://www.youtube.com/watch?v=ikiZvUGkLjo"
"name","twitter:app:name:googleplay","YouTube","http://www.youtube.com/watch?v=ikiZvUGkLjo"
"name","twitter:app:id:googleplay","com.google.android.youtube","http://www.youtube.com/watch?v=ikiZvUGkLjo"
"name","twitter:app:url:googleplay","https://www.youtube.com/watch?v=ikiZvUGkLjo","http://www.youtube.com/watch?v=ikiZvUGkLjo"
"name","twitter:player","https://www.youtube.com/embed/ikiZvUGkLjo","http://www.youtube.com/watch?v=ikiZvUGkLjo"
"name","twitter:player:width","1280","http://www.youtube.com/watch?v=ikiZvUGkLjo"
"name","twitter:player:height","720","http://www.youtube.com/watch?v=ikiZvUGkLjo"
"name","attribution","HBO/","http://www.youtube.com/watch?v=ikiZvUGkLjo"
"itemprop","name","New Rule: Press We Can | Real Time with Bill Maher (HBO)","http://www.youtube.com/watch?v=ikiZvUGkLjo"
"itemprop","description","Subscribe to the Real Time YouTube: http://itsh.bo/10r5A1B In his editorial New Rule, Bill calls on the news media to win back its reputation, even if it mea...","http://www.youtube.com/watch?v=ikiZvUGkLjo"
"itemprop","paid","False","http://www.youtube.com/watch?v=ikiZvUGkLjo"
"itemprop","channelId","UCy6kyFxaMqGtpE3pQTflK8A","http://www.youtube.com/watch?v=ikiZvUGkLjo"
"itemprop","videoId","ikiZvUGkLjo","http://www.youtube.com/watch?v=ikiZvUGkLjo"
"itemprop","duration","PT6M46S","http://www.youtube.com/watch?v=ikiZvUGkLjo"
"itemprop","unlisted","False","http://www.youtube.com/watch?v=ikiZvUGkLjo"
"itemprop","width","1280","http://www.youtube.com/watch?v=ikiZvUGkLjo"
"itemprop","height","720","http://www.youtube.com/watch?v=ikiZvUGkLjo"
"itemprop","playerType","HTML5 Flash","http://www.youtube.com/watch?v=ikiZvUGkLjo"
"itemprop","width","1280","http://www.youtube.com/watch?v=ikiZvUGkLjo"
"itemprop","height","720","http://www.youtube.com/watch?v=ikiZvUGkLjo"
"itemprop","isFamilyFriendly","True","http://www.youtube.com/watch?v=ikiZvUGkLjo"
"itemprop","regionsAllowed","AD,AE,AF,AG,AI,AL,AM,AO,AQ,AR,AS,AT,AU,AW,AX,AZ,BA,BB,BD,BE,BF,BG,BH,BI,BJ,BL,BM,BN,BO,BQ,BR,BS,BT,BV,BW,BY,BZ,CA,CC,CD,CF,CG,CH,CI,CK,CL,CM,CN,CO,CR,CU,CV,CW,CX,CY,CZ,DE,DJ,DK,DM,DO,DZ,EC,EE,EG,EH,ER,ES,ET,FI,FJ,FK,FM,FO,FR,GA,GB,GD,GE,GF,GG,GH,GI,GL,GM,GN,GP,GQ,GR,GS,GT,GU,GW,GY,HK,HM,HN,HR,HT,HU,ID,IE,IL,IM,IN,IO,IQ,IR,IS,IT,JE,JM,JO,JP,KE,KG,KH,KI,KM,KN,KP,KR,KW,KY,KZ,LA,LB,LC,LI,LK,LR,LS,LT,LU,LV,LY,MA,MC,MD,ME,MF,MG,MH,MK,ML,MM,MN,MO,MP,MQ,MR,MS,MT,MU,MV,MW,MX,MY,MZ,NA,NC,NE,NF,NG,NI,NL,NO,NP,NR,NU,NZ,OM,PA,PE,PF,PG,PH,PK,PL,PM,PN,PR,PS,PT,PW,PY,QA,RE,RO,RS,RU,RW,SA,SB,SC,SD,SE,SG,SH,SI,SJ,SK,SL,SM,SN,SO,SR,SS,ST,SV,SX,SY,SZ,TC,TD,TF,TG,TH,TJ,TK,TL,TM,TN,TO,TR,TT,TV,TW,TZ,UA,UG,UM,US,UY,UZ,VA,VC,VE,VG,VI,VN,VU,WF,WS,YE,YT,ZA,ZM,ZW","http://www.youtube.com/watch?v=ikiZvUGkLjo"
"itemprop","interactionCount","676302","http://www.youtube.com/watch?v=ikiZvUGkLjo"
"itemprop","datePublished","2017-02-24","http://www.youtube.com/watch?v=ikiZvUGkLjo"
"itemprop","genre","Film & Animation","http://www.youtube.com/watch?v=ikiZvUGkLjo"
"name","title","REAL TIME - All New Rules - 2015","http://www.youtube.com/watch?v=0BnTDEdoO5g"
"name","description","All jokes from the 'New Rules' segments from 2015 on 'Real Time with Bill Maher'. http://www.hbo.com/real-time-with-bill-maher 338 1 Jay Leno, Salman Rushdie...","http://www.youtube.com/watch?v=0BnTDEdoO5g"
"name","keywords","REAL TIME New Rules 2015, Real Time with Bill Maher, Real Time, Bill Maher, New rules bill maher, donald trump, religilous, relegelous, new rules 2015, new r...","http://www.youtube.com/watch?v=0BnTDEdoO5g"
"name","theme-color","#e62117","http://www.youtube.com/watch?v=0BnTDEdoO5g"
"property","og:site_name","YouTube","http://www.youtube.com/watch?v=0BnTDEdoO5g"
"property","og:url","https://www.youtube.com/watch?v=0BnTDEdoO5g","http://www.youtube.com/watch?v=0BnTDEdoO5g"
"property","og:title","REAL TIME - All New Rules - 2015","http://www.youtube.com/watch?v=0BnTDEdoO5g"
"property","og:image","https://i.ytimg.com/vi/0BnTDEdoO5g/hqdefault.jpg","http://www.youtube.com/watch?v=0BnTDEdoO5g"
"property","og:description","All jokes from the 'New Rules' segments from 2015 on 'Real Time with Bill Maher'. http://www.hbo.com/real-time-with-bill-maher 338 1 Jay Leno, Salman Rushdie...","http://www.youtube.com/watch?v=0BnTDEdoO5g"
"property","al:ios:app_store_id","544007664","http://www.youtube.com/watch?v=0BnTDEdoO5g"
"property","al:ios:app_name","YouTube","http://www.youtube.com/watch?v=0BnTDEdoO5g"
"property","al:ios:url","vnd.youtube://www.youtube.com/watch?v=0BnTDEdoO5g&feature=applinks","http://www.youtube.com/watch?v=0BnTDEdoO5g"
"property","al:android:url","vnd.youtube://www.youtube.com/watch?v=0BnTDEdoO5g&feature=applinks","http://www.youtube.com/watch?v=0BnTDEdoO5g"
"property","al:android:app_name","YouTube","http://www.youtube.com/watch?v=0BnTDEdoO5g"
"property","al:android:package","com.google.android.youtube","http://www.youtube.com/watch?v=0BnTDEdoO5g"
"property","al:web:url","https://www.youtube.com/watch?v=0BnTDEdoO5g&feature=applinks","http://www.youtube.com/watch?v=0BnTDEdoO5g"
"property","og:type","video","http://www.youtube.com/watch?v=0BnTDEdoO5g"
"property","og:video:url","https://www.youtube.com/embed/0BnTDEdoO5g","http://www.youtube.com/watch?v=0BnTDEdoO5g"
"property","og:video:secure_url","https://www.youtube.com/embed/0BnTDEdoO5g","http://www.youtube.com/watch?v=0BnTDEdoO5g"
"property","og:video:type","text/html","http://www.youtube.com/watch?v=0BnTDEdoO5g"
"property","og:video:width","1280","http://www.youtube.com/watch?v=0BnTDEdoO5g"
"property","og:video:height","720","http://www.youtube.com/watch?v=0BnTDEdoO5g"
"property","og:video:url","http://www.youtube.com/v/0BnTDEdoO5g?version=3&autohide=1","http://www.youtube.com/watch?v=0BnTDEdoO5g"
"property","og:video:secure_url","https://www.youtube.com/v/0BnTDEdoO5g?version=3&autohide=1","http://www.youtube.com/watch?v=0BnTDEdoO5g"
"property","og:video:type","application/x-shockwave-flash","http://www.youtube.com/watch?v=0BnTDEdoO5g"
"property","og:video:width","1280","http://www.youtube.com/watch?v=0BnTDEdoO5g"
"property","og:video:height","720","http://www.youtube.com/watch?v=0BnTDEdoO5g"
"property","og:video:tag","REAL TIME New Rules 2015","http://www.youtube.com/watch?v=0BnTDEdoO5g"
"property","og:video:tag","Real Time with Bill Maher","http://www.youtube.com/watch?v=0BnTDEdoO5g"
"property","og:video:tag","Real Time","http://www.youtube.com/watch?v=0BnTDEdoO5g"
"property","og:video:tag","Bill Maher","http://www.youtube.com/watch?v=0BnTDEdoO5g"
"property","og:video:tag","New rules bill maher","http://www.youtube.com/watch?v=0BnTDEdoO5g"
"property","og:video:tag","donald trump","http://www.youtube.com/watch?v=0BnTDEdoO5g"
"property","og:video:tag","religilous","http://www.youtube.com/watch?v=0BnTDEdoO5g"
"property","og:video:tag","relegelous","http://www.youtube.com/watch?v=0BnTDEdoO5g"
"property","og:video:tag","new rules 2015","http://www.youtube.com/watch?v=0BnTDEdoO5g"
"property","og:video:tag","new rules 2016","http://www.youtube.com/watch?v=0BnTDEdoO5g"
"property","og:video:tag","bill maher new new rules","http://www.youtube.com/watch?v=0BnTDEdoO5g"
"property","og:video:tag","bill mahers new rules","http://www.youtube.com/watch?v=0BnTDEdoO5g"
"property","og:video:tag","new rules segement","http://www.youtube.com/watch?v=0BnTDEdoO5g"
"property","og:video:tag","funny new rules","http://www.youtube.com/watch?v=0BnTDEdoO5g"
"property","og:video:tag","funny bill maher","http://www.youtube.com/watch?v=0BnTDEdoO5g"
"property","og:video:tag","comedy bill maher","http://www.youtube.com/watch?v=0BnTDEdoO5g"
"property","fb:app_id","87741124305","http://www.youtube.com/watch?v=0BnTDEdoO5g"
"name","twitter:card","player","http://www.youtube.com/watch?v=0BnTDEdoO5g"
"name","twitter:site","@youtube","http://www.youtube.com/watch?v=0BnTDEdoO5g"
"name","twitter:url","https://www.youtube.com/watch?v=0BnTDEdoO5g","http://www.youtube.com/watch?v=0BnTDEdoO5g"
"name","twitter:title","REAL TIME - All New Rules - 2015","http://www.youtube.com/watch?v=0BnTDEdoO5g"
"name","twitter:description","All jokes from the 'New Rules' segments from 2015 on 'Real Time with Bill Maher'. http://www.hbo.com/real-time-with-bill-maher 338 1 Jay Leno, Salman Rushdie...","http://www.youtube.com/watch?v=0BnTDEdoO5g"
"name","twitter:image","https://i.ytimg.com/vi/0BnTDEdoO5g/hqdefault.jpg","http://www.youtube.com/watch?v=0BnTDEdoO5g"
"name","twitter:app:name:iphone","YouTube","http://www.youtube.com/watch?v=0BnTDEdoO5g"
"name","twitter:app:id:iphone","544007664","http://www.youtube.com/watch?v=0BnTDEdoO5g"
"name","twitter:app:name:ipad","YouTube","http://www.youtube.com/watch?v=0BnTDEdoO5g"
"name","twitter:app:id:ipad","544007664","http://www.youtube.com/watch?v=0BnTDEdoO5g"
"name","twitter:app:url:iphone","vnd.youtube://www.youtube.com/watch?v=0BnTDEdoO5g&feature=applinks","http://www.youtube.com/watch?v=0BnTDEdoO5g"
"name","twitter:app:url:ipad","vnd.youtube://www.youtube.com/watch?v=0BnTDEdoO5g&feature=applinks","http://www.youtube.com/watch?v=0BnTDEdoO5g"
"name","twitter:app:name:googleplay","YouTube","http://www.youtube.com/watch?v=0BnTDEdoO5g"
"name","twitter:app:id:googleplay","com.google.android.youtube","http://www.youtube.com/watch?v=0BnTDEdoO5g"
"name","twitter:app:url:googleplay","https://www.youtube.com/watch?v=0BnTDEdoO5g","http://www.youtube.com/watch?v=0BnTDEdoO5g"
"name","twitter:player","https://www.youtube.com/embed/0BnTDEdoO5g","http://www.youtube.com/watch?v=0BnTDEdoO5g"
"name","twitter:player:width","1280","http://www.youtube.com/watch?v=0BnTDEdoO5g"
"name","twitter:player:height","720","http://www.youtube.com/watch?v=0BnTDEdoO5g"
"name","attribution","HBO_anti_piracy/","http://www.youtube.com/watch?v=0BnTDEdoO5g"
"itemprop","name","REAL TIME - All New Rules - 2015","http://www.youtube.com/watch?v=0BnTDEdoO5g"
"itemprop","description","All jokes from the 'New Rules' segments from 2015 on 'Real Time with Bill Maher'. http://www.hbo.com/real-time-with-bill-maher 338 1 Jay Leno, Salman Rushdie...","http://www.youtube.com/watch?v=0BnTDEdoO5g"
"itemprop","paid","False","http://www.youtube.com/watch?v=0BnTDEdoO5g"
"itemprop","channelId","UC5094h1PohVtBlj7_OumH6Q","http://www.youtube.com/watch?v=0BnTDEdoO5g"
"itemprop","videoId","0BnTDEdoO5g","http://www.youtube.com/watch?v=0BnTDEdoO5g"
"itemprop","duration","PT123M26S","http://www.youtube.com/watch?v=0BnTDEdoO5g"
"itemprop","unlisted","False","http://www.youtube.com/watch?v=0BnTDEdoO5g"
"itemprop","width","480","http://www.youtube.com/watch?v=0BnTDEdoO5g"
"itemprop","height","360","http://www.youtube.com/watch?v=0BnTDEdoO5g"
"itemprop","playerType","HTML5 Flash","http://www.youtube.com/watch?v=0BnTDEdoO5g"
"itemprop","width","1280","http://www.youtube.com/watch?v=0BnTDEdoO5g"
"itemprop","height","720","http://www.youtube.com/watch?v=0BnTDEdoO5g"
"itemprop","isFamilyFriendly","True","http://www.youtube.com/watch?v=0BnTDEdoO5g"
"itemprop","regionsAllowed","AD,AE,AF,AG,AI,AL,AM,AO,AQ,AR,AS,AT,AU,AW,AX,AZ,BA,BB,BD,BE,BF,BG,BH,BI,BJ,BL,BM,BN,BO,BQ,BR,BS,BT,BV,BW,BY,BZ,CA,CC,CD,CF,CG,CH,CI,CK,CL,CM,CN,CO,CR,CU,CV,CW,CX,CY,CZ,DE,DJ,DK,DM,DO,DZ,EC,EE,EG,EH,ER,ES,ET,FI,FJ,FK,FM,FO,FR,GA,GB,GD,GE,GF,GG,GH,GI,GL,GM,GN,GP,GQ,GR,GS,GT,GU,GW,GY,HK,HM,HN,HR,HT,HU,ID,IE,IL,IM,IN,IO,IQ,IR,IS,IT,JE,JM,JO,JP,KE,KG,KH,KI,KM,KN,KP,KR,KW,KY,KZ,LA,LB,LC,LI,LK,LR,LS,LT,LU,LV,LY,MA,MC,MD,ME,MF,MG,MH,MK,ML,MM,MN,MO,MP,MQ,MR,MS,MT,MU,MV,MW,MX,MY,MZ,NA,NC,NE,NF,NG,NI,NL,NO,NP,NR,NU,NZ,OM,PA,PE,PF,PG,PH,PK,PL,PM,PN,PR,PS,PT,PW,PY,QA,RE,RO,RS,RU,RW,SA,SB,SC,SD,SE,SG,SH,SI,SJ,SK,SL,SM,SN,SO,SR,SS,ST,SV,SX,SY,SZ,TC,TD,TF,TG,TH,TJ,TK,TL,TM,TN,TO,TR,TT,TV,TW,TZ,UA,UG,UM,US,UY,UZ,VA,VC,VE,VG,VI,VN,VU,WF,WS,YE,YT,ZA,ZM,ZW","http://www.youtube.com/watch?v=0BnTDEdoO5g"
"itemprop","interactionCount","151833","http://www.youtube.com/watch?v=0BnTDEdoO5g"
"itemprop","datePublished","2016-05-22","http://www.youtube.com/watch?v=0BnTDEdoO5g"
"itemprop","genre","Gaming","http://www.youtube.com/watch?v=0BnTDEdoO5g"
